{"received":10000,"accepted":2199,"rejected":7801,"succeeded":2114,"failed":85,"mvccFailures":85,"transientRetries":0,"queueWaitTotalMs":11167148,"queueWaitMaxMs":6760,"fabricTotalMs":838560,"fabricMaxMs":2320,"totalTotalMs":11552551,"totalMaxMs":8182,"queueLengthTotal":1856971,"queueLengthSamples":4398,"queueLengthMax":500,"active":0,"lockedKeys":0,"queueLength":0,"queueWaitAvgMs":5078.284674852205,"fabricAvgMs":396.66982024597917,"totalAvgMs":5464.782876064333,"queueLengthAvg":422.23078672123694}