{"received":6000,"accepted":2132,"rejected":3868,"succeeded":2132,"failed":0,"mvccFailures":0,"transientRetries":0,"queueWaitTotalMs":10747258,"queueWaitMaxMs":8293,"fabricTotalMs":834734,"fabricMaxMs":2279,"totalTotalMs":11581992,"totalMaxMs":8689,"queueLengthTotal":1734131,"queueLengthSamples":4264,"queueLengthMax":500,"active":0,"lockedKeys":0,"queueLength":0,"queueWaitAvgMs":5040.927767354597,"fabricAvgMs":391.52626641651034,"totalAvgMs":5432.454033771107,"queueLengthAvg":406.69113508442774}