{"received":6000,"accepted":2194,"rejected":3806,"succeeded":2118,"failed":76,"mvccFailures":76,"transientRetries":0,"queueWaitTotalMs":10749083,"queueWaitMaxMs":6631,"fabricTotalMs":817073,"fabricMaxMs":2321,"totalTotalMs":11174777,"totalMaxMs":8110,"queueLengthTotal":1801172,"queueLengthSamples":4388,"queueLengthMax":500,"active":0,"lockedKeys":0,"queueLength":0,"queueWaitAvgMs":4899.308568824065,"fabricAvgMs":385.77573182247403,"totalAvgMs":5276.098677998111,"queueLengthAvg":410.4767547857794}