{"received":10000,"accepted":2580,"rejected":7420,"succeeded":816,"failed":0,"mvccFailures":0,"transientRetries":0,"queueWaitTotalMs":1975483,"queueWaitMaxMs":4998,"fabricTotalMs":382685,"fabricMaxMs":2429,"totalTotalMs":2358168,"totalMaxMs":7314,"queueLengthTotal":2263464,"queueLengthSamples":5160,"queueLengthMax":520,"queueTimeouts":1764,"active":0,"lockedKeys":0,"queueLength":0,"queueWaitAvgMs":2420.935049019608,"fabricAvgMs":468.97671568627453,"totalAvgMs":2889.9117647058824,"queueLengthAvg":438.65581395348835}