{"received":10000,"accepted":1872,"rejected":8128,"succeeded":1872,"failed":0,"mvccFailures":0,"transientRetries":0,"queueWaitTotalMs":41457625,"queueWaitMaxMs":209295,"fabricTotalMs":1526060,"fabricMaxMs":2358,"totalTotalMs":42983685,"totalMaxMs":211605,"queueLengthTotal":1566520,"queueLengthSamples":3744,"queueLengthMax":514,"active":0,"lockedKeys":0,"queueLength":0,"queueWaitAvgMs":22146.1672008547,"fabricAvgMs":815.2029914529915,"totalAvgMs":22961.37019230769,"queueLengthAvg":418.40811965811963}