{"received":10000,"accepted":293,"rejected":9707,"succeeded":292,"failed":0,"mvccFailures":0,"transientRetries":0,"queueWaitTotalMs":114290046,"queueWaitMaxMs":1103654,"fabricTotalMs":481587,"fabricMaxMs":2379,"totalTotalMs":114770918,"totalMaxMs":1105956,"queueLengthTotal":284452,"queueLengthSamples":585,"queueLengthMax":527,"active":1,"lockedKeys":2,"queueLength":391,"queueWaitAvgMs":391404.26712328766,"fabricAvgMs":1649.2705479452054,"totalAvgMs":393051.08904109587,"queueLengthAvg":486.24273504273503}