{"received":10000,"accepted":2122,"rejected":7878,"succeeded":2122,"failed":0,"mvccFailures":0,"transientRetries":0,"queueWaitTotalMs":11125134,"queueWaitMaxMs":7881,"fabricTotalMs":838489,"fabricMaxMs":2276,"totalTotalMs":11963623,"totalMaxMs":9163,"queueLengthTotal":1780532,"queueLengthSamples":4244,"queueLengthMax":500,"active":0,"lockedKeys":0,"queueLength":0,"queueWaitAvgMs":5242.758718190386,"fabricAvgMs":395.14090480678607,"totalAvgMs":5637.899622997173,"queueLengthAvg":419.5409990574929}