{"received":10000,"accepted":2566,"rejected":7434,"succeeded":828,"failed":0,"mvccFailures":0,"transientRetries":0,"queueWaitTotalMs":2058267,"queueWaitMaxMs":4998,"fabricTotalMs":380477,"fabricMaxMs":2307,"totalTotalMs":2438744,"totalMaxMs":7075,"queueLengthTotal":2242050,"queueLengthSamples":5132,"queueLengthMax":520,"queueTimeouts":1738,"active":0,"lockedKeys":0,"queueLength":0,"queueWaitAvgMs":2485.8297101449275,"fabricAvgMs":459.5132850241546,"totalAvgMs":2945.3429951690823,"queueLengthAvg":436.87646141855026}