{"received":6000,"accepted":2504,"rejected":3496,"succeeded":775,"failed":0,"mvccFailures":0,"transientRetries":0,"queueWaitTotalMs":1964406,"queueWaitMaxMs":4998,"fabricTotalMs":378400,"fabricMaxMs":2336,"totalTotalMs":2342806,"totalMaxMs":7168,"queueLengthTotal":2164642,"queueLengthSamples":5008,"queueLengthMax":521,"queueTimeouts":1729,"active":0,"lockedKeys":0,"queueLength":0,"queueWaitAvgMs":2534.7174193548385,"fabricAvgMs":488.258064516129,"totalAvgMs":3022.9754838709678,"queueLengthAvg":432.23682108626195}