{"received":10000,"accepted":286,"rejected":9714,"succeeded":295,"failed":0,"mvccFailures":0,"transientRetries":0,"queueWaitTotalMs":119217714,"queueWaitMaxMs":1112729,"fabricTotalMs":487387,"fabricMaxMs":2412,"totalTotalMs":119704320,"totalMaxMs":1115012,"queueLengthTotal":283343,"queueLengthSamples":581,"queueLengthMax":527,"active":1,"lockedKeys":2,"queueLength":387,"queueWaitAvgMs":404127.8440677966,"fabricAvgMs":1652.1593220338982,"totalAvgMs":405777.3559322034,"queueLengthAvg":487.6815834767642}