{"received":10000,"accepted":2122,"rejected":7878,"succeeded":2122,"failed":0,"mvccFailures":0,"transientRetries":0,"queueWaitTotalMs":11120084,"queueWaitMaxMs":8000,"fabricTotalMs":837965,"fabricMaxMs":2291,"totalTotalMs":11958049,"totalMaxMs":8458,"queueLengthTotal":1782566,"queueLengthSamples":4244,"queueLengthMax":500,"active":0,"lockedKeys":0,"queueLength":0,"queueWaitAvgMs":5240.378887841659,"fabricAvgMs":394.89396795475966,"totalAvgMs":5635.272855796418,"queueLengthAvg":420.02026390197926}