{"received":6000,"accepted":2092,"rejected":3908,"succeeded":2092,"failed":0,"mvccFailures":0,"transientRetries":0,"queueWaitTotalMs":10910906,"queueWaitMaxMs":8030,"fabricTotalMs":847185,"fabricMaxMs":2282,"totalTotalMs":11758091,"totalMaxMs":9276,"queueLengthTotal":1692181,"queueLengthSamples":4184,"queueLengthMax":500,"active":0,"lockedKeys":0,"queueLength":0,"queueWaitAvgMs":5215.538240917782,"fabricAvgMs":404.9641491395794,"totalAvgMs":5620.5023900573615,"queueLengthAvg":404.440965583174}