{"received":6000,"accepted":1922,"rejected":4078,"succeeded":1922,"failed":0,"mvccFailures":0,"transientRetries":0,"queueWaitTotalMs":40852907,"queueWaitMaxMs":195973,"fabricTotalMs":1561023,"fabricMaxMs":2366,"totalTotalMs":42413930,"totalMaxMs":198257,"queueLengthTotal":1576006,"queueLengthSamples":3844,"queueLengthMax":515,"active":0,"lockedKeys":0,"queueLength":0,"queueWaitAvgMs":21255.41467221644,"fabricAvgMs":812.1867845993756,"totalAvgMs":22067.601456815817,"queueLengthAvg":409.99115504682624}