{"received":9998,"accepted":2182,"rejected":7816,"succeeded":2101,"failed":81,"mvccFailures":81,"transientRetries":0,"queueWaitTotalMs":11192416,"queueWaitMaxMs":8661,"fabricTotalMs":900091,"fabricMaxMs":3368,"totalTotalMs":11674391,"totalMaxMs":10896,"queueLengthTotal":1838001,"queueLengthSamples":4364,"queueLengthMax":500,"active":0,"lockedKeys":0,"queueLength":0,"queueWaitAvgMs":5129.429880843263,"fabricAvgMs":428.41075678248455,"totalAvgMs":5556.5878153260355,"queueLengthAvg":421.17346471127405}