{"received":6000,"accepted":2509,"rejected":3491,"succeeded":757,"failed":0,"mvccFailures":0,"transientRetries":0,"queueWaitTotalMs":1907935,"queueWaitMaxMs":4999,"fabricTotalMs":382817,"fabricMaxMs":2348,"totalTotalMs":2290752,"totalMaxMs":7202,"queueLengthTotal":2201161,"queueLengthSamples":5018,"queueLengthMax":520,"queueTimeouts":1752,"active":0,"lockedKeys":0,"queueLength":0,"queueWaitAvgMs":2520.3896961690884,"fabricAvgMs":505.70277410832233,"totalAvgMs":3026.092470277411,"queueLengthAvg":438.65304902351534}