{"received":6000,"accepted":2156,"rejected":3844,"succeeded":2156,"failed":0,"mvccFailures":0,"transientRetries":0,"queueWaitTotalMs":10868301,"queueWaitMaxMs":8618,"fabricTotalMs":849226,"fabricMaxMs":2320,"totalTotalMs":11717527,"totalMaxMs":10898,"queueLengthTotal":1753717,"queueLengthSamples":4312,"queueLengthMax":500,"active":0,"lockedKeys":0,"queueLength":0,"queueWaitAvgMs":5040.9559369202225,"fabricAvgMs":393.88961038961037,"totalAvgMs":5434.845547309833,"queueLengthAvg":406.70616883116884}