{"received":10000,"accepted":1902,"rejected":8098,"succeeded":1902,"failed":0,"mvccFailures":0,"transientRetries":0,"queueWaitTotalMs":42811341,"queueWaitMaxMs":207639,"fabricTotalMs":1585040,"fabricMaxMs":2376,"totalTotalMs":44396381,"totalMaxMs":209957,"queueLengthTotal":1593783,"queueLengthSamples":3804,"queueLengthMax":514,"active":0,"lockedKeys":0,"queueLength":0,"queueWaitAvgMs":22508.59148264984,"fabricAvgMs":833.35436382755,"totalAvgMs":23341.945846477392,"queueLengthAvg":418.9755520504732}