{"received":10000,"accepted":288,"rejected":9712,"succeeded":291,"failed":0,"mvccFailures":0,"transientRetries":0,"queueWaitTotalMs":118780131,"queueWaitMaxMs":1123634,"fabricTotalMs":494832,"fabricMaxMs":2402,"totalTotalMs":119275462,"totalMaxMs":1125914,"queueLengthTotal":280236,"queueLengthSamples":579,"queueLengthMax":526,"active":1,"lockedKeys":8,"queueLength":384,"queueWaitAvgMs":408179.1443298969,"fabricAvgMs":1700.4536082474226,"totalAvgMs":409881.3127147766,"queueLengthAvg":484}