{"received":10000,"accepted":2252,"rejected":7748,"succeeded":2180,"failed":72,"mvccFailures":72,"transientRetries":0,"queueWaitTotalMs":12053713,"queueWaitMaxMs":9158,"fabricTotalMs":915876,"fabricMaxMs":3391,"totalTotalMs":12550476,"totalMaxMs":10996,"queueLengthTotal":1906933,"queueLengthSamples":4504,"queueLengthMax":500,"active":0,"lockedKeys":0,"queueLength":0,"queueWaitAvgMs":5352.448046181173,"fabricAvgMs":420.12660550458713,"totalAvgMs":5757.099082568808,"queueLengthAvg":423.3865452930728}