{"received":6000,"accepted":311,"rejected":5689,"succeeded":304,"failed":0,"mvccFailures":0,"transientRetries":0,"queueWaitTotalMs":107316924,"queueWaitMaxMs":1002295,"fabricTotalMs":505205,"fabricMaxMs":2372,"totalTotalMs":107820764,"totalMaxMs":1004594,"queueLengthTotal":296490,"queueLengthSamples":615,"queueLengthMax":526,"active":1,"lockedKeys":2,"queueLength":385,"queueWaitAvgMs":353016.19736842107,"fabricAvgMs":1661.858552631579,"totalAvgMs":354673.5657894737,"queueLengthAvg":482.0975609756098}