{"received":10000,"accepted":1882,"rejected":8118,"succeeded":1882,"failed":0,"mvccFailures":0,"transientRetries":0,"queueWaitTotalMs":46282479,"queueWaitMaxMs":217853,"fabricTotalMs":1599150,"fabricMaxMs":2425,"totalTotalMs":47881629,"totalMaxMs":220139,"queueLengthTotal":1577306,"queueLengthSamples":3764,"queueLengthMax":518,"active":0,"lockedKeys":0,"queueLength":0,"queueWaitAvgMs":24592.178002125398,"fabricAvgMs":849.7077577045696,"totalAvgMs":25441.88575982997,"queueLengthAvg":419.05047821466525}