{"received":6000,"accepted":2152,"rejected":3848,"succeeded":2152,"failed":0,"mvccFailures":0,"transientRetries":0,"queueWaitTotalMs":10918023,"queueWaitMaxMs":8933,"fabricTotalMs":848851,"fabricMaxMs":2301,"totalTotalMs":11766874,"totalMaxMs":11210,"queueLengthTotal":1745512,"queueLengthSamples":4304,"queueLengthMax":500,"active":0,"lockedKeys":0,"queueLength":0,"queueWaitAvgMs":5073.430762081784,"fabricAvgMs":394.4474907063197,"totalAvgMs":5467.878252788104,"queueLengthAvg":405.5557620817844}