{"received":10000,"accepted":2132,"rejected":7868,"succeeded":2132,"failed":0,"mvccFailures":0,"transientRetries":0,"queueWaitTotalMs":11103059,"queueWaitMaxMs":8540,"fabricTotalMs":839254,"fabricMaxMs":2311,"totalTotalMs":11942313,"totalMaxMs":9150,"queueLengthTotal":1792001,"queueLengthSamples":4264,"queueLengthMax":500,"active":0,"lockedKeys":0,"queueLength":0,"queueWaitAvgMs":5207.813789868668,"fabricAvgMs":393.6463414634146,"totalAvgMs":5601.460131332083,"queueLengthAvg":420.2628986866792}