{"received":6000,"accepted":906,"rejected":5094,"succeeded":651,"failed":0,"mvccFailures":0,"transientRetries":0,"queueWaitTotalMs":30795343,"queueWaitMaxMs":258463,"fabricTotalMs":857322,"fabricMaxMs":2388,"totalTotalMs":31394202,"totalMaxMs":258487,"queueLengthTotal":582133,"queueLengthSamples":1557,"queueLengthMax":524,"active":1,"lockedKeys":8,"queueLength":254,"queueWaitAvgMs":47304.674347158216,"fabricAvgMs":1316.930875576037,"totalAvgMs":48224.58064516129,"queueLengthAvg":373.88118175979446}