{"received":10000,"accepted":2591,"rejected":7409,"succeeded":808,"failed":0,"mvccFailures":0,"transientRetries":0,"queueWaitTotalMs":1936983,"queueWaitMaxMs":4999,"fabricTotalMs":394573,"fabricMaxMs":2315,"totalTotalMs":2331556,"totalMaxMs":7160,"queueLengthTotal":2260748,"queueLengthSamples":5182,"queueLengthMax":520,"queueTimeouts":1783,"active":0,"lockedKeys":0,"queueLength":0,"queueWaitAvgMs":2397.2561881188117,"fabricAvgMs":488.3329207920792,"totalAvgMs":2885.589108910891,"queueLengthAvg":436.2693940563489}