{"received":6000,"accepted":2183,"rejected":3817,"succeeded":2100,"failed":83,"mvccFailures":82,"transientRetries":0,"queueWaitTotalMs":11685454,"queueWaitMaxMs":9316,"fabricTotalMs":906547,"fabricMaxMs":3473,"totalTotalMs":12150883,"totalMaxMs":11152,"queueLengthTotal":1786279,"queueLengthSamples":4366,"queueLengthMax":500,"active":0,"lockedKeys":0,"queueLength":0,"queueWaitAvgMs":5352.933577645442,"fabricAvgMs":431.68904761904764,"totalAvgMs":5786.134761904762,"queueLengthAvg":409.1339899221255}