{"received":10000,"accepted":1902,"rejected":8098,"succeeded":1902,"failed":0,"mvccFailures":0,"transientRetries":0,"queueWaitTotalMs":46140721,"queueWaitMaxMs":221861,"fabricTotalMs":1601435,"fabricMaxMs":2357,"totalTotalMs":47742156,"totalMaxMs":224142,"queueLengthTotal":1597750,"queueLengthSamples":3804,"queueLengthMax":516,"active":0,"lockedKeys":0,"queueLength":0,"queueWaitAvgMs":24259.054153522608,"fabricAvgMs":841.9742376445846,"totalAvgMs":25101.028391167194,"queueLengthAvg":420.01840168243956}