{"received":10000,"accepted":2159,"rejected":7841,"succeeded":2159,"failed":0,"mvccFailures":0,"transientRetries":0,"queueWaitTotalMs":11219057,"queueWaitMaxMs":8518,"fabricTotalMs":858122,"fabricMaxMs":2307,"totalTotalMs":12077179,"totalMaxMs":10825,"queueLengthTotal":1821631,"queueLengthSamples":4318,"queueLengthMax":500,"active":0,"lockedKeys":0,"queueLength":0,"queueWaitAvgMs":5196.41361741547,"fabricAvgMs":397.46271421954606,"totalAvgMs":5593.876331635016,"queueLengthAvg":421.8691523853636}