{"received":6000,"accepted":1713,"rejected":4287,"succeeded":337,"failed":0,"mvccFailures":0,"transientRetries":0,"queueWaitTotalMs":1097135,"queueWaitMaxMs":4841,"fabricTotalMs":801884,"fabricMaxMs":2485,"totalTotalMs":1899019,"totalMaxMs":7251,"queueLengthTotal":989514,"queueLengthSamples":3426,"queueLengthMax":501,"queueTimeouts":1376,"active":0,"lockedKeys":0,"queueLength":0,"queueWaitAvgMs":3255.593471810089,"fabricAvgMs":2379.477744807122,"totalAvgMs":5635.071216617211,"queueLengthAvg":288.8248686514886}