{"received":10000,"accepted":1706,"rejected":8294,"succeeded":341,"failed":0,"mvccFailures":0,"transientRetries":0,"queueWaitTotalMs":1182768,"queueWaitMaxMs":4814,"fabricTotalMs":811033,"fabricMaxMs":2463,"totalTotalMs":1993801,"totalMaxMs":7198,"queueLengthTotal":1000360,"queueLengthSamples":3412,"queueLengthMax":501,"queueTimeouts":1365,"active":0,"lockedKeys":0,"queueLength":0,"queueWaitAvgMs":3468.5278592375366,"fabricAvgMs":2378.3958944281526,"totalAvgMs":5846.923753665689,"queueLengthAvg":293.18874560375144}