{"received":10000,"accepted":1705,"rejected":8295,"succeeded":344,"failed":0,"mvccFailures":0,"transientRetries":0,"queueWaitTotalMs":1207853,"queueWaitMaxMs":4865,"fabricTotalMs":823374,"fabricMaxMs":2504,"totalTotalMs":2031227,"totalMaxMs":7269,"queueLengthTotal":1000915,"queueLengthSamples":3410,"queueLengthMax":501,"queueTimeouts":1361,"active":0,"lockedKeys":0,"queueLength":0,"queueWaitAvgMs":3511.2005813953488,"fabricAvgMs":2393.529069767442,"totalAvgMs":5904.729651162791,"queueLengthAvg":293.52346041055716}