{"received":10000,"accepted":1711,"rejected":8289,"succeeded":339,"failed":0,"mvccFailures":0,"transientRetries":0,"queueWaitTotalMs":1153171,"queueWaitMaxMs":4826,"fabricTotalMs":808297,"fabricMaxMs":2473,"totalTotalMs":1961468,"totalMaxMs":7237,"queueLengthTotal":1008007,"queueLengthSamples":3422,"queueLengthMax":501,"queueTimeouts":1372,"active":0,"lockedKeys":0,"queueLength":0,"queueWaitAvgMs":3401.6843657817108,"fabricAvgMs":2384.3569321533923,"totalAvgMs":5786.041297935103,"queueLengthAvg":294.5666277030976}