{"received":6000,"accepted":1717,"rejected":4283,"succeeded":340,"failed":0,"mvccFailures":0,"transientRetries":0,"queueWaitTotalMs":1102475,"queueWaitMaxMs":4832,"fabricTotalMs":804737,"fabricMaxMs":2466,"totalTotalMs":1907212,"totalMaxMs":7223,"queueLengthTotal":988843,"queueLengthSamples":3434,"queueLengthMax":501,"queueTimeouts":1377,"active":0,"lockedKeys":0,"queueLength":0,"queueWaitAvgMs":3242.573529411765,"fabricAvgMs":2366.8735294117646,"totalAvgMs":5609.447058823529,"queueLengthAvg":287.95661036691905}