{"received":6000,"accepted":1717,"rejected":4283,"succeeded":335,"failed":0,"mvccFailures":0,"transientRetries":0,"queueWaitTotalMs":1067626,"queueWaitMaxMs":4818,"fabricTotalMs":792634,"fabricMaxMs":2448,"totalTotalMs":1860260,"totalMaxMs":7210,"queueLengthTotal":984780,"queueLengthSamples":3434,"queueLengthMax":501,"queueTimeouts":1382,"active":0,"lockedKeys":0,"queueLength":0,"queueWaitAvgMs":3186.9432835820894,"fabricAvgMs":2366.071641791045,"totalAvgMs":5553.014925373134,"queueLengthAvg":286.77344205008734}