{"received":6000,"accepted":1714,"rejected":4286,"succeeded":339,"failed":0,"mvccFailures":0,"transientRetries":0,"queueWaitTotalMs":1098522,"queueWaitMaxMs":4805,"fabricTotalMs":803229,"fabricMaxMs":2478,"totalTotalMs":1901751,"totalMaxMs":7190,"queueLengthTotal":989703,"queueLengthSamples":3428,"queueLengthMax":501,"queueTimeouts":1375,"active":0,"lockedKeys":0,"queueLength":0,"queueWaitAvgMs":3240.477876106195,"fabricAvgMs":2369.407079646018,"totalAvgMs":5609.884955752213,"queueLengthAvg":288.7114935822637}