{"received":6000,"accepted":1722,"rejected":4278,"succeeded":338,"failed":0,"mvccFailures":0,"transientRetries":0,"queueWaitTotalMs":1064267,"queueWaitMaxMs":4838,"fabricTotalMs":805170,"fabricMaxMs":2474,"totalTotalMs":1869437,"totalMaxMs":7246,"queueLengthTotal":995065,"queueLengthSamples":3444,"queueLengthMax":501,"queueTimeouts":1384,"active":0,"lockedKeys":0,"queueLength":0,"queueWaitAvgMs":3148.7189349112427,"fabricAvgMs":2382.1597633136093,"totalAvgMs":5530.878698224852,"queueLengthAvg":288.92711962833914}