{"received":6000,"accepted":1705,"rejected":4295,"succeeded":337,"failed":0,"mvccFailures":0,"transientRetries":0,"queueWaitTotalMs":1126555,"queueWaitMaxMs":4819,"fabricTotalMs":799459,"fabricMaxMs":2463,"totalTotalMs":1926014,"totalMaxMs":7214,"queueLengthTotal":1004617,"queueLengthSamples":3410,"queueLengthMax":501,"queueTimeouts":1368,"active":0,"lockedKeys":0,"queueLength":0,"queueWaitAvgMs":3342.893175074184,"fabricAvgMs":2372.2818991097924,"totalAvgMs":5715.175074183976,"queueLengthAvg":294.6090909090909}