{"received":10000,"accepted":1701,"rejected":8299,"succeeded":336,"failed":0,"mvccFailures":0,"transientRetries":0,"queueWaitTotalMs":1165166,"queueWaitMaxMs":4849,"fabricTotalMs":800748,"fabricMaxMs":2497,"totalTotalMs":1965914,"totalMaxMs":7239,"queueLengthTotal":996674,"queueLengthSamples":3402,"queueLengthMax":501,"queueTimeouts":1365,"active":0,"lockedKeys":0,"queueLength":0,"queueWaitAvgMs":3467.7559523809523,"fabricAvgMs":2383.1785714285716,"totalAvgMs":5850.934523809524,"queueLengthAvg":292.9670781893004}