{"received":6000,"accepted":1713,"rejected":4287,"succeeded":340,"failed":0,"mvccFailures":0,"transientRetries":0,"queueWaitTotalMs":1119724,"queueWaitMaxMs":4811,"fabricTotalMs":807966,"fabricMaxMs":2461,"totalTotalMs":1927690,"totalMaxMs":7219,"queueLengthTotal":1011508,"queueLengthSamples":3426,"queueLengthMax":501,"queueTimeouts":1373,"active":0,"lockedKeys":0,"queueLength":0,"queueWaitAvgMs":3293.3058823529414,"fabricAvgMs":2376.3705882352942,"totalAvgMs":5669.676470588235,"queueLengthAvg":295.2446001167542}