{"received":10000,"accepted":1706,"rejected":8294,"succeeded":339,"failed":0,"mvccFailures":0,"transientRetries":0,"queueWaitTotalMs":1167666,"queueWaitMaxMs":4821,"fabricTotalMs":807445,"fabricMaxMs":2468,"totalTotalMs":1975111,"totalMaxMs":7243,"queueLengthTotal":1001112,"queueLengthSamples":3412,"queueLengthMax":501,"queueTimeouts":1367,"active":0,"lockedKeys":0,"queueLength":0,"queueWaitAvgMs":3444.4424778761063,"fabricAvgMs":2381.843657817109,"totalAvgMs":5826.286135693215,"queueLengthAvg":293.40914419695196}