{"received":6000,"accepted":1712,"rejected":4288,"succeeded":337,"failed":0,"mvccFailures":0,"transientRetries":0,"queueWaitTotalMs":1108007,"queueWaitMaxMs":4859,"fabricTotalMs":801139,"fabricMaxMs":2492,"totalTotalMs":1909146,"totalMaxMs":7264,"queueLengthTotal":983935,"queueLengthSamples":3424,"queueLengthMax":501,"queueTimeouts":1375,"active":0,"lockedKeys":0,"queueLength":0,"queueWaitAvgMs":3287.854599406528,"fabricAvgMs":2377.26706231454,"totalAvgMs":5665.121661721068,"queueLengthAvg":287.3641939252336}