{"received":10000,"accepted":1704,"rejected":8296,"succeeded":344,"failed":0,"mvccFailures":0,"transientRetries":0,"queueWaitTotalMs":1212213,"queueWaitMaxMs":4790,"fabricTotalMs":816638,"fabricMaxMs":2445,"totalTotalMs":2028851,"totalMaxMs":7182,"queueLengthTotal":996990,"queueLengthSamples":3408,"queueLengthMax":501,"queueTimeouts":1360,"active":0,"lockedKeys":0,"queueLength":0,"queueWaitAvgMs":3523.875,"fabricAvgMs":2373.9476744186045,"totalAvgMs":5897.822674418605,"queueLengthAvg":292.54401408450707}