{"received":10000,"accepted":1701,"rejected":8299,"succeeded":340,"failed":0,"mvccFailures":0,"transientRetries":0,"queueWaitTotalMs":1200861,"queueWaitMaxMs":4827,"fabricTotalMs":811221,"fabricMaxMs":2459,"totalTotalMs":2012082,"totalMaxMs":7234,"queueLengthTotal":995004,"queueLengthSamples":3402,"queueLengthMax":501,"queueTimeouts":1361,"active":0,"lockedKeys":0,"queueLength":0,"queueWaitAvgMs":3531.9441176470586,"fabricAvgMs":2385.9441176470586,"totalAvgMs":5917.888235294117,"queueLengthAvg":292.4761904761905}