{"received":10000,"accepted":1699,"rejected":8301,"succeeded":339,"failed":0,"mvccFailures":0,"transientRetries":0,"queueWaitTotalMs":1208121,"queueWaitMaxMs":4851,"fabricTotalMs":810324,"fabricMaxMs":2487,"totalTotalMs":2018445,"totalMaxMs":7264,"queueLengthTotal":991646,"queueLengthSamples":3398,"queueLengthMax":501,"queueTimeouts":1360,"active":0,"lockedKeys":0,"queueLength":0,"queueWaitAvgMs":3563.778761061947,"fabricAvgMs":2390.336283185841,"totalAvgMs":5954.115044247787,"queueLengthAvg":291.832254267216}