{"received":10000,"accepted":1706,"rejected":8294,"succeeded":341,"failed":0,"mvccFailures":0,"transientRetries":0,"queueWaitTotalMs":1180936,"queueWaitMaxMs":4818,"fabricTotalMs":811805,"fabricMaxMs":2485,"totalTotalMs":1992741,"totalMaxMs":7210,"queueLengthTotal":1001239,"queueLengthSamples":3412,"queueLengthMax":501,"queueTimeouts":1365,"active":0,"lockedKeys":0,"queueLength":0,"queueWaitAvgMs":3463.155425219941,"fabricAvgMs":2380.6598240469207,"totalAvgMs":5843.815249266862,"queueLengthAvg":293.4463657678781}