{"received":6000,"accepted":1715,"rejected":4285,"succeeded":341,"failed":0,"mvccFailures":0,"transientRetries":0,"queueWaitTotalMs":1128931,"queueWaitMaxMs":4871,"fabricTotalMs":813190,"fabricMaxMs":2492,"totalTotalMs":1942121,"totalMaxMs":7307,"queueLengthTotal":993492,"queueLengthSamples":3430,"queueLengthMax":501,"queueTimeouts":1374,"active":0,"lockedKeys":0,"queueLength":0,"queueWaitAvgMs":3310.648093841642,"fabricAvgMs":2384.7214076246332,"totalAvgMs":5695.369501466275,"queueLengthAvg":289.64781341107874}