{"received":6000,"accepted":1842,"rejected":4158,"succeeded":1842,"failed":0,"mvccFailures":0,"transientRetries":0,"queueWaitTotalMs":43664513,"queueWaitMaxMs":203450,"fabricTotalMs":1587670,"fabricMaxMs":2385,"totalTotalMs":45252183,"totalMaxMs":205761,"queueLengthTotal":1495848,"queueLengthSamples":3684,"queueLengthMax":516,"active":0,"lockedKeys":0,"queueLength":0,"queueWaitAvgMs":23704.94733984799,"fabricAvgMs":861.9272529858849,"totalAvgMs":24566.874592833876,"queueLengthAvg":406.03908794788276}