{"received":6000,"accepted":1979,"rejected":4021,"succeeded":1916,"failed":63,"mvccFailures":62,"transientRetries":0,"queueWaitTotalMs":10780086,"queueWaitMaxMs":7766,"fabricTotalMs":842772,"fabricMaxMs":3246,"totalTotalMs":11269670,"totalMaxMs":8391,"queueLengthTotal":1603274,"queueLengthSamples":3958,"queueLengthMax":500,"active":0,"lockedKeys":0,"queueLength":0,"queueWaitAvgMs":5447.2390096008085,"fabricAvgMs":439.86012526096033,"totalAvgMs":5881.87369519833,"queueLengthAvg":405.0717534108135}