{"received":6000,"accepted":2152,"rejected":3848,"succeeded":2152,"failed":0,"mvccFailures":0,"transientRetries":0,"queueWaitTotalMs":11103558,"queueWaitMaxMs":9380,"fabricTotalMs":876915,"fabricMaxMs":2327,"totalTotalMs":11980473,"totalMaxMs":11667,"queueLengthTotal":1751853,"queueLengthSamples":4304,"queueLengthMax":500,"active":0,"lockedKeys":0,"queueLength":0,"queueWaitAvgMs":5159.6459107806695,"fabricAvgMs":407.4883828996283,"totalAvgMs":5567.134293680298,"queueLengthAvg":407.02904275092936}