{"received":10000,"accepted":2182,"rejected":7818,"succeeded":2182,"failed":0,"mvccFailures":0,"transientRetries":0,"queueWaitTotalMs":11149016,"queueWaitMaxMs":7453,"fabricTotalMs":839633,"fabricMaxMs":2292,"totalTotalMs":11988649,"totalMaxMs":8522,"queueLengthTotal":1843377,"queueLengthSamples":4364,"queueLengthMax":500,"active":0,"lockedKeys":0,"queueLength":0,"queueWaitAvgMs":5109.53987167736,"fabricAvgMs":384.79972502291474,"totalAvgMs":5494.339596700275,"queueLengthAvg":422.40536205316226}