{"received":6000,"accepted":348,"rejected":5652,"succeeded":324,"failed":0,"mvccFailures":0,"transientRetries":0,"queueWaitTotalMs":78586189,"queueWaitMaxMs":758619,"fabricTotalMs":521285,"fabricMaxMs":2403,"totalTotalMs":78864906,"totalMaxMs":758623,"queueLengthTotal":318894,"queueLengthSamples":672,"queueLengthMax":527,"active":1,"lockedKeys":2,"queueLength":375,"queueWaitAvgMs":242549.96604938273,"fabricAvgMs":1608.9043209876543,"totalAvgMs":243410.2037037037,"queueLengthAvg":474.54464285714283}