{"received":10000,"accepted":279,"rejected":9721,"succeeded":283,"failed":0,"mvccFailures":0,"transientRetries":0,"queueWaitTotalMs":116978556,"queueWaitMaxMs":1123691,"fabricTotalMs":477871,"fabricMaxMs":2407,"totalTotalMs":117454125,"totalMaxMs":1125972,"queueLengthTotal":272156,"queueLengthSamples":562,"queueLengthMax":526,"active":1,"lockedKeys":2,"queueLength":387,"queueWaitAvgMs":413351.7879858657,"fabricAvgMs":1688.590106007067,"totalAvgMs":415032.2438162544,"queueLengthAvg":484.2633451957295}