{"received":10000,"accepted":2185,"rejected":7815,"succeeded":2113,"failed":72,"mvccFailures":72,"transientRetries":0,"queueWaitTotalMs":11100222,"queueWaitMaxMs":11111,"fabricTotalMs":897413,"fabricMaxMs":4152,"totalTotalMs":11631398,"totalMaxMs":13395,"queueLengthTotal":1842388,"queueLengthSamples":4370,"queueLengthMax":500,"active":0,"lockedKeys":0,"queueLength":0,"queueWaitAvgMs":5080.193135011442,"fabricAvgMs":424.71036441079036,"totalAvgMs":5504.684335068623,"queueLengthAvg":421.59908466819223}