{"received":10000,"accepted":286,"rejected":9714,"succeeded":276,"failed":0,"mvccFailures":0,"transientRetries":0,"queueWaitTotalMs":118171283,"queueWaitMaxMs":1105079,"fabricTotalMs":443360,"fabricMaxMs":2399,"totalTotalMs":118613474,"totalMaxMs":1107362,"queueLengthTotal":273141,"queueLengthSamples":562,"queueLengthMax":528,"active":1,"lockedKeys":8,"queueLength":396,"queueWaitAvgMs":428156.8224637681,"fabricAvgMs":1606.376811594203,"totalAvgMs":429758.96376811597,"queueLengthAvg":486.01601423487546}