{"received":6000,"accepted":2258,"rejected":3742,"succeeded":2180,"failed":78,"mvccFailures":78,"transientRetries":0,"queueWaitTotalMs":10741261,"queueWaitMaxMs":6468,"fabricTotalMs":858892,"fabricMaxMs":5707,"totalTotalMs":11212538,"totalMaxMs":11811,"queueLengthTotal":1849468,"queueLengthSamples":4516,"queueLengthMax":500,"active":0,"lockedKeys":0,"queueLength":0,"queueWaitAvgMs":4756.980070859167,"fabricAvgMs":393.98715596330277,"totalAvgMs":5143.366055045872,"queueLengthAvg":409.53675819309126}