{"received":6000,"accepted":546,"rejected":5454,"succeeded":449,"failed":0,"mvccFailures":0,"transientRetries":0,"queueWaitTotalMs":52296729,"queueWaitMaxMs":516051,"fabricTotalMs":594961,"fabricMaxMs":2365,"totalTotalMs":52634102,"totalMaxMs":516054,"queueLengthTotal":455077,"queueLengthSamples":995,"queueLengthMax":526,"active":1,"lockedKeys":2,"queueLength":351,"queueWaitAvgMs":116473.78396436526,"fabricAvgMs":1325.0801781737193,"totalAvgMs":117225.1714922049,"queueLengthAvg":457.36381909547737}