{"received":6000,"accepted":2622,"rejected":3378,"succeeded":1649,"failed":0,"mvccFailures":0,"transientRetries":0,"queueWaitTotalMs":4862186,"queueWaitMaxMs":4998,"fabricTotalMs":768562,"fabricMaxMs":3491,"totalTotalMs":5630748,"totalMaxMs":8065,"queueLengthTotal":2139997,"queueLengthSamples":5244,"queueLengthMax":501,"queueTimeouts":973,"active":0,"lockedKeys":0,"queueLength":0,"queueWaitAvgMs":2948.56640388114,"fabricAvgMs":466.077622801698,"totalAvgMs":3414.644026682838,"queueLengthAvg":408.0848588863463}