{"received":10000,"accepted":2691,"rejected":7309,"succeeded":1707,"failed":0,"mvccFailures":0,"transientRetries":0,"queueWaitTotalMs":5141527,"queueWaitMaxMs":4989,"fabricTotalMs":741696,"fabricMaxMs":3315,"totalTotalMs":5883223,"totalMaxMs":7625,"queueLengthTotal":2302941,"queueLengthSamples":5382,"queueLengthMax":500,"queueTimeouts":984,"active":0,"lockedKeys":0,"queueLength":0,"queueWaitAvgMs":3012.0251903925014,"fabricAvgMs":434.5026362038664,"totalAvgMs":3446.527826596368,"queueLengthAvg":427.896878483835}