{"received":6000,"accepted":2695,"rejected":3305,"succeeded":1747,"failed":0,"mvccFailures":0,"transientRetries":0,"queueWaitTotalMs":4979684,"queueWaitMaxMs":4999,"fabricTotalMs":778261,"fabricMaxMs":3417,"totalTotalMs":5757945,"totalMaxMs":7106,"queueLengthTotal":2184077,"queueLengthSamples":5390,"queueLengthMax":500,"queueTimeouts":948,"active":0,"lockedKeys":0,"queueLength":0,"queueWaitAvgMs":2850.42014882656,"fabricAvgMs":445.48425872925014,"totalAvgMs":3295.90440755581,"queueLengthAvg":405.2090909090909}