{"received":9998,"accepted":2884,"rejected":7114,"succeeded":1828,"failed":0,"mvccFailures":0,"transientRetries":0,"queueWaitTotalMs":5633555,"queueWaitMaxMs":4998,"fabricTotalMs":798030,"fabricMaxMs":3406,"totalTotalMs":6431585,"totalMaxMs":7248,"queueLengthTotal":2494985,"queueLengthSamples":5768,"queueLengthMax":500,"queueTimeouts":1056,"active":0,"lockedKeys":0,"queueLength":0,"queueWaitAvgMs":3081.8134573304155,"fabricAvgMs":436.55908096280086,"totalAvgMs":3518.3725382932166,"queueLengthAvg":432.55634535367545}