{"received":6000,"accepted":2676,"rejected":3324,"succeeded":1656,"failed":0,"mvccFailures":0,"transientRetries":0,"queueWaitTotalMs":5059209,"queueWaitMaxMs":4997,"fabricTotalMs":786612,"fabricMaxMs":3666,"totalTotalMs":5845821,"totalMaxMs":8052,"queueLengthTotal":2190077,"queueLengthSamples":5352,"queueLengthMax":500,"queueTimeouts":1020,"active":0,"lockedKeys":0,"queueLength":0,"queueWaitAvgMs":3055.0778985507245,"fabricAvgMs":475.0072463768116,"totalAvgMs":3530.085144927536,"queueLengthAvg":409.20721225710014}