{"received":5999,"accepted":2761,"rejected":3238,"succeeded":1808,"failed":0,"mvccFailures":0,"transientRetries":0,"queueWaitTotalMs":5185179,"queueWaitMaxMs":4973,"fabricTotalMs":775803,"fabricMaxMs":3236,"totalTotalMs":5960982,"totalMaxMs":7720,"queueLengthTotal":2295441,"queueLengthSamples":5522,"queueLengthMax":500,"queueTimeouts":953,"active":0,"lockedKeys":0,"queueLength":0,"queueWaitAvgMs":2867.908738938053,"fabricAvgMs":429.0945796460177,"totalAvgMs":3297.0033185840707,"queueLengthAvg":415.6901484969214}