{"received":10000,"accepted":2760,"rejected":7240,"succeeded":1807,"failed":0,"mvccFailures":0,"transientRetries":0,"queueWaitTotalMs":5866965,"queueWaitMaxMs":4999,"fabricTotalMs":778740,"fabricMaxMs":3088,"totalTotalMs":6645705,"totalMaxMs":7127,"queueLengthTotal":2374709,"queueLengthSamples":5520,"queueLengthMax":500,"queueTimeouts":953,"active":0,"lockedKeys":0,"queueLength":0,"queueWaitAvgMs":3246.798561151079,"fabricAvgMs":430.95738793580523,"totalAvgMs":3677.7559490868844,"queueLengthAvg":430.2009057971014}