{"received":10000,"accepted":2772,"rejected":7228,"succeeded":1758,"failed":0,"mvccFailures":0,"transientRetries":0,"queueWaitTotalMs":5300609,"queueWaitMaxMs":4998,"fabricTotalMs":776846,"fabricMaxMs":3471,"totalTotalMs":6077455,"totalMaxMs":7510,"queueLengthTotal":2327656,"queueLengthSamples":5544,"queueLengthMax":500,"queueTimeouts":1014,"active":0,"lockedKeys":0,"queueLength":0,"queueWaitAvgMs":3015.1359499431173,"fabricAvgMs":441.8919226393629,"totalAvgMs":3457.02787258248,"queueLengthAvg":419.85137085137086}