{"received":6000,"accepted":2741,"rejected":3259,"succeeded":1926,"failed":0,"mvccFailures":0,"transientRetries":0,"queueWaitTotalMs":6103431,"queueWaitMaxMs":4994,"fabricTotalMs":778399,"fabricMaxMs":2290,"totalTotalMs":6881830,"totalMaxMs":7174,"queueLengthTotal":2307445,"queueLengthSamples":5482,"queueLengthMax":500,"queueTimeouts":815,"active":0,"lockedKeys":0,"queueLength":0,"queueWaitAvgMs":3168.967289719626,"fabricAvgMs":404.15316718587746,"totalAvgMs":3573.1204569055035,"queueLengthAvg":420.91298796059834}