{"received":10000,"accepted":2888,"rejected":7112,"succeeded":1988,"failed":0,"mvccFailures":0,"transientRetries":0,"queueWaitTotalMs":5989675,"queueWaitMaxMs":4999,"fabricTotalMs":793511,"fabricMaxMs":5388,"totalTotalMs":6783186,"totalMaxMs":10013,"queueLengthTotal":2496771,"queueLengthSamples":5776,"queueLengthMax":500,"queueTimeouts":900,"active":0,"lockedKeys":0,"queueLength":0,"queueWaitAvgMs":3012.914989939638,"fabricAvgMs":399.1504024144869,"totalAvgMs":3412.065392354125,"queueLengthAvg":432.26644736842104}