{"received":10000,"accepted":2704,"rejected":7296,"succeeded":1724,"failed":0,"mvccFailures":0,"transientRetries":0,"queueWaitTotalMs":5113006,"queueWaitMaxMs":4998,"fabricTotalMs":761992,"fabricMaxMs":3493,"totalTotalMs":5874998,"totalMaxMs":8068,"queueLengthTotal":2230188,"queueLengthSamples":5408,"queueLengthMax":500,"queueTimeouts":980,"active":0,"lockedKeys":0,"queueLength":0,"queueWaitAvgMs":2965.7807424593966,"fabricAvgMs":441.9907192575406,"totalAvgMs":3407.771461716937,"queueLengthAvg":412.3868343195266}