{"received":6000,"accepted":2401,"rejected":3599,"succeeded":1546,"failed":0,"mvccFailures":0,"transientRetries":0,"queueWaitTotalMs":5149862,"queueWaitMaxMs":4998,"fabricTotalMs":718370,"fabricMaxMs":3289,"totalTotalMs":5868232,"totalMaxMs":7174,"queueLengthTotal":2034382,"queueLengthSamples":4802,"queueLengthMax":501,"queueTimeouts":855,"active":0,"lockedKeys":0,"queueLength":0,"queueWaitAvgMs":3331.0879689521344,"fabricAvgMs":464.66364812419147,"totalAvgMs":3795.751617076326,"queueLengthAvg":423.6530612244898}