{"received":10000,"accepted":2680,"rejected":7320,"succeeded":1703,"failed":0,"mvccFailures":0,"transientRetries":0,"queueWaitTotalMs":5013684,"queueWaitMaxMs":4998,"fabricTotalMs":749716,"fabricMaxMs":3363,"totalTotalMs":5763400,"totalMaxMs":7086,"queueLengthTotal":2276167,"queueLengthSamples":5360,"queueLengthMax":500,"queueTimeouts":977,"active":0,"lockedKeys":0,"queueLength":0,"queueWaitAvgMs":2944.030534351145,"fabricAvgMs":440.23253082795065,"totalAvgMs":3384.2630651790955,"queueLengthAvg":424.6580223880597}