{"received":6000,"accepted":2855,"rejected":3145,"succeeded":1902,"failed":0,"mvccFailures":0,"transientRetries":0,"queueWaitTotalMs":5566641,"queueWaitMaxMs":4995,"fabricTotalMs":820432,"fabricMaxMs":4890,"totalTotalMs":6387073,"totalMaxMs":9691,"queueLengthTotal":2424458,"queueLengthSamples":5710,"queueLengthMax":500,"queueTimeouts":953,"active":0,"lockedKeys":0,"queueLength":0,"queueWaitAvgMs":2926.730283911672,"fabricAvgMs":431.3522607781283,"totalAvgMs":3358.0825446898,"queueLengthAvg":424.5985989492119}