{"received":6000,"accepted":2713,"rejected":3287,"succeeded":1700,"failed":0,"mvccFailures":0,"transientRetries":0,"queueWaitTotalMs":5108848,"queueWaitMaxMs":4998,"fabricTotalMs":760044,"fabricMaxMs":3603,"totalTotalMs":5868892,"totalMaxMs":8046,"queueLengthTotal":2298121,"queueLengthSamples":5426,"queueLengthMax":500,"queueTimeouts":1013,"active":0,"lockedKeys":0,"queueLength":0,"queueWaitAvgMs":3005.2047058823528,"fabricAvgMs":447.0847058823529,"totalAvgMs":3452.289411764706,"queueLengthAvg":423.53870254330997}