{"received":10000,"accepted":2711,"rejected":7289,"succeeded":1678,"failed":0,"mvccFailures":0,"transientRetries":0,"queueWaitTotalMs":5239610,"queueWaitMaxMs":4999,"fabricTotalMs":766159,"fabricMaxMs":3493,"totalTotalMs":6005769,"totalMaxMs":7837,"queueLengthTotal":2307699,"queueLengthSamples":5422,"queueLengthMax":500,"queueTimeouts":1033,"active":0,"lockedKeys":0,"queueLength":0,"queueWaitAvgMs":3122.532777115614,"fabricAvgMs":456.59058402860546,"totalAvgMs":3579.1233611442194,"queueLengthAvg":425.61766875691626}