{"received":6000,"accepted":2855,"rejected":3145,"succeeded":1786,"failed":0,"mvccFailures":0,"transientRetries":0,"queueWaitTotalMs":5330985,"queueWaitMaxMs":4999,"fabricTotalMs":813227,"fabricMaxMs":3645,"totalTotalMs":6144212,"totalMaxMs":7966,"queueLengthTotal":2415243,"queueLengthSamples":5710,"queueLengthMax":500,"queueTimeouts":1069,"active":0,"lockedKeys":0,"queueLength":0,"queueWaitAvgMs":2984.874020156775,"fabricAvgMs":455.3342665173572,"totalAvgMs":3440.208286674132,"queueLengthAvg":422.9847635726795}