{"received":10000,"accepted":2724,"rejected":7276,"succeeded":1716,"failed":0,"mvccFailures":0,"transientRetries":0,"queueWaitTotalMs":5257179,"queueWaitMaxMs":4999,"fabricTotalMs":772920,"fabricMaxMs":3615,"totalTotalMs":6030099,"totalMaxMs":7034,"queueLengthTotal":2220820,"queueLengthSamples":5448,"queueLengthMax":500,"queueTimeouts":1008,"active":0,"lockedKeys":0,"queueLength":0,"queueWaitAvgMs":3063.624125874126,"fabricAvgMs":450.4195804195804,"totalAvgMs":3514.0437062937062,"queueLengthAvg":407.6395007342144}