{"received":10000,"accepted":2871,"rejected":7129,"succeeded":1978,"failed":0,"mvccFailures":0,"transientRetries":0,"queueWaitTotalMs":6038525,"queueWaitMaxMs":4991,"fabricTotalMs":773547,"fabricMaxMs":2332,"totalTotalMs":6812072,"totalMaxMs":7166,"queueLengthTotal":2479711,"queueLengthSamples":5742,"queueLengthMax":500,"queueTimeouts":893,"active":0,"lockedKeys":0,"queueLength":0,"queueWaitAvgMs":3052.8437815975735,"fabricAvgMs":391.0753286147624,"totalAvgMs":3443.919110212336,"queueLengthAvg":431.8549285963079}