{"received":6000,"accepted":2704,"rejected":3296,"succeeded":1729,"failed":0,"mvccFailures":0,"transientRetries":0,"queueWaitTotalMs":5023936,"queueWaitMaxMs":4992,"fabricTotalMs":789279,"fabricMaxMs":3607,"totalTotalMs":5813215,"totalMaxMs":7932,"queueLengthTotal":2162851,"queueLengthSamples":5408,"queueLengthMax":500,"queueTimeouts":975,"active":0,"lockedKeys":0,"queueLength":0,"queueWaitAvgMs":2905.688837478311,"fabricAvgMs":456.4945054945055,"totalAvgMs":3362.1833429728167,"queueLengthAvg":399.9354659763314}