{"received":10000,"accepted":2222,"rejected":7778,"succeeded":2143,"failed":79,"mvccFailures":79,"transientRetries":0,"queueWaitTotalMs":11176192,"queueWaitMaxMs":6419,"fabricTotalMs":831227,"fabricMaxMs":5125,"totalTotalMs":11597485,"totalMaxMs":11159,"queueLengthTotal":1882095,"queueLengthSamples":4444,"queueLengthMax":500,"active":0,"lockedKeys":0,"queueLength":0,"queueWaitAvgMs":5029.789378937894,"fabricAvgMs":387.8800746616892,"totalAvgMs":5411.798880074662,"queueLengthAvg":423.5137263726373}