{"received":6000,"accepted":317,"rejected":5683,"succeeded":305,"failed":0,"mvccFailures":0,"transientRetries":0,"queueWaitTotalMs":113867320,"queueWaitMaxMs":1092948,"fabricTotalMs":488794,"fabricMaxMs":2400,"totalTotalMs":114355815,"totalMaxMs":1095270,"queueLengthTotal":301414,"queueLengthSamples":622,"queueLengthMax":526,"active":1,"lockedKeys":6,"queueLength":393,"queueWaitAvgMs":373335.47540983604,"fabricAvgMs":1602.6032786885246,"totalAvgMs":374937.0983606557,"queueLengthAvg":484.588424437299}