{"received":10000,"accepted":2032,"rejected":7968,"succeeded":1972,"failed":60,"mvccFailures":60,"transientRetries":0,"queueWaitTotalMs":10855312,"queueWaitMaxMs":7633,"fabricTotalMs":815645,"fabricMaxMs":3273,"totalTotalMs":11347964,"totalMaxMs":8049,"queueLengthTotal":1699139,"queueLengthSamples":4064,"queueLengthMax":500,"active":0,"lockedKeys":0,"queueLength":0,"queueWaitAvgMs":5342.181102362205,"fabricAvgMs":413.6130831643002,"totalAvgMs":5754.545638945233,"queueLengthAvg":418.09522637795277}