{"received":6000,"accepted":1962,"rejected":4038,"succeeded":1962,"failed":0,"mvccFailures":0,"transientRetries":0,"queueWaitTotalMs":42492461,"queueWaitMaxMs":214502,"fabricTotalMs":1580974,"fabricMaxMs":2384,"totalTotalMs":44073435,"totalMaxMs":216804,"queueLengthTotal":1613739,"queueLengthSamples":3924,"queueLengthMax":514,"active":0,"lockedKeys":0,"queueLength":0,"queueWaitAvgMs":21657.72731906218,"fabricAvgMs":805.7971457696228,"totalAvgMs":22463.524464831804,"queueLengthAvg":411.24847094801225}