{"received":6000,"accepted":2805,"rejected":3195,"succeeded":1767,"failed":0,"mvccFailures":0,"transientRetries":0,"queueWaitTotalMs":5458547,"queueWaitMaxMs":4998,"fabricTotalMs":808806,"fabricMaxMs":3329,"totalTotalMs":6267353,"totalMaxMs":7202,"queueLengthTotal":2372650,"queueLengthSamples":5610,"queueLengthMax":500,"queueTimeouts":1038,"active":0,"lockedKeys":0,"queueLength":0,"queueWaitAvgMs":3089.160724391624,"fabricAvgMs":457.7283531409168,"totalAvgMs":3546.8890775325413,"queueLengthAvg":422.93226381461676}