{"received":6000,"accepted":2707,"rejected":3293,"succeeded":1748,"failed":0,"mvccFailures":0,"transientRetries":0,"queueWaitTotalMs":4766353,"queueWaitMaxMs":4994,"fabricTotalMs":744702,"fabricMaxMs":3485,"totalTotalMs":5511055,"totalMaxMs":8327,"queueLengthTotal":2291481,"queueLengthSamples":5414,"queueLengthMax":500,"queueTimeouts":959,"active":0,"lockedKeys":0,"queueLength":0,"queueWaitAvgMs":2726.746567505721,"fabricAvgMs":426.0308924485126,"totalAvgMs":3152.7774599542336,"queueLengthAvg":423.25101588474325}