{"received":6000,"accepted":2868,"rejected":3132,"succeeded":1907,"failed":0,"mvccFailures":0,"transientRetries":0,"queueWaitTotalMs":5252168,"queueWaitMaxMs":4991,"fabricTotalMs":768995,"fabricMaxMs":3450,"totalTotalMs":6021163,"totalMaxMs":7373,"queueLengthTotal":2414114,"queueLengthSamples":5736,"queueLengthMax":500,"queueTimeouts":961,"active":0,"lockedKeys":0,"queueLength":0,"queueWaitAvgMs":2754.1520713162035,"fabricAvgMs":403.2485579444153,"totalAvgMs":3157.4006292606186,"queueLengthAvg":420.8706415620642}