{"received":10000,"accepted":2782,"rejected":7218,"succeeded":1796,"failed":0,"mvccFailures":0,"transientRetries":0,"queueWaitTotalMs":5491657,"queueWaitMaxMs":4997,"fabricTotalMs":776155,"fabricMaxMs":2589,"totalTotalMs":6267812,"totalMaxMs":7296,"queueLengthTotal":2363816,"queueLengthSamples":5564,"queueLengthMax":500,"queueTimeouts":986,"active":0,"lockedKeys":0,"queueLength":0,"queueWaitAvgMs":3057.7154788418707,"fabricAvgMs":432.1575723830735,"totalAvgMs":3489.8730512249444,"queueLengthAvg":424.8411214953271}