{"received":6000,"accepted":2786,"rejected":3214,"succeeded":1867,"failed":0,"mvccFailures":0,"transientRetries":0,"queueWaitTotalMs":5581265,"queueWaitMaxMs":4998,"fabricTotalMs":782281,"fabricMaxMs":3347,"totalTotalMs":6363546,"totalMaxMs":7107,"queueLengthTotal":2345869,"queueLengthSamples":5572,"queueLengthMax":500,"queueTimeouts":919,"active":0,"lockedKeys":0,"queueLength":0,"queueWaitAvgMs":2989.429566148902,"fabricAvgMs":419.00428494911625,"totalAvgMs":3408.4338510980183,"queueLengthAvg":421.0102297200287}