{"received":10000,"accepted":2805,"rejected":7195,"succeeded":1730,"failed":0,"mvccFailures":0,"transientRetries":0,"queueWaitTotalMs":5168555,"queueWaitMaxMs":4995,"fabricTotalMs":767666,"fabricMaxMs":3123,"totalTotalMs":5936221,"totalMaxMs":7873,"queueLengthTotal":2373850,"queueLengthSamples":5610,"queueLengthMax":500,"queueTimeouts":1075,"active":0,"lockedKeys":0,"queueLength":0,"queueWaitAvgMs":2987.6040462427745,"fabricAvgMs":443.73757225433525,"totalAvgMs":3431.3416184971097,"queueLengthAvg":423.14616755793224}