{"received":6000,"accepted":2817,"rejected":3183,"succeeded":1829,"failed":0,"mvccFailures":0,"transientRetries":0,"queueWaitTotalMs":4921624,"queueWaitMaxMs":4982,"fabricTotalMs":787536,"fabricMaxMs":3660,"totalTotalMs":5709160,"totalMaxMs":7949,"queueLengthTotal":2324700,"queueLengthSamples":5634,"queueLengthMax":500,"queueTimeouts":988,"active":0,"lockedKeys":0,"queueLength":0,"queueWaitAvgMs":2690.8824494259156,"fabricAvgMs":430.58283214871517,"totalAvgMs":3121.465281574631,"queueLengthAvg":412.6198083067093}