{"received":6000,"accepted":2796,"rejected":3204,"succeeded":1817,"failed":0,"mvccFailures":0,"transientRetries":0,"queueWaitTotalMs":5243614,"queueWaitMaxMs":4992,"fabricTotalMs":783242,"fabricMaxMs":3502,"totalTotalMs":6026856,"totalMaxMs":7960,"queueLengthTotal":2326653,"queueLengthSamples":5592,"queueLengthMax":500,"queueTimeouts":979,"active":0,"lockedKeys":0,"queueLength":0,"queueWaitAvgMs":2885.8635112823335,"fabricAvgMs":431.0632911392405,"totalAvgMs":3316.926802421574,"queueLengthAvg":416.0681330472103}