{"received":6000,"accepted":2693,"rejected":3307,"succeeded":1785,"failed":0,"mvccFailures":0,"transientRetries":0,"queueWaitTotalMs":5460309,"queueWaitMaxMs":4997,"fabricTotalMs":775546,"fabricMaxMs":3490,"totalTotalMs":6235855,"totalMaxMs":7284,"queueLengthTotal":2219960,"queueLengthSamples":5386,"queueLengthMax":500,"queueTimeouts":908,"active":0,"lockedKeys":0,"queueLength":0,"queueWaitAvgMs":3058.996638655462,"fabricAvgMs":434.4795518207283,"totalAvgMs":3493.4761904761904,"queueLengthAvg":412.17229855180096}