{"received":10000,"accepted":2773,"rejected":7227,"succeeded":1798,"failed":0,"mvccFailures":0,"transientRetries":0,"queueWaitTotalMs":5330711,"queueWaitMaxMs":4991,"fabricTotalMs":775330,"fabricMaxMs":3436,"totalTotalMs":6106041,"totalMaxMs":7037,"queueLengthTotal":2285088,"queueLengthSamples":5546,"queueLengthMax":500,"queueTimeouts":975,"active":0,"lockedKeys":0,"queueLength":0,"queueWaitAvgMs":2964.8003337041155,"fabricAvgMs":431.21802002224695,"totalAvgMs":3396.0183537263624,"queueLengthAvg":412.0245221781464}