{"received":10000,"accepted":2706,"rejected":7294,"succeeded":1878,"failed":0,"mvccFailures":0,"transientRetries":0,"queueWaitTotalMs":5799906,"queueWaitMaxMs":4987,"fabricTotalMs":766769,"fabricMaxMs":2484,"totalTotalMs":6566675,"totalMaxMs":7203,"queueLengthTotal":2355893,"queueLengthSamples":5412,"queueLengthMax":500,"queueTimeouts":828,"active":0,"lockedKeys":0,"queueLength":0,"queueWaitAvgMs":3088.3418530351437,"fabricAvgMs":408.290202342918,"totalAvgMs":3496.632055378062,"queueLengthAvg":435.3091278640059}