{"received":10000,"accepted":2852,"rejected":7148,"succeeded":1928,"failed":0,"mvccFailures":0,"transientRetries":0,"queueWaitTotalMs":5904261,"queueWaitMaxMs":4990,"fabricTotalMs":770380,"fabricMaxMs":2294,"totalTotalMs":6674641,"totalMaxMs":6890,"queueLengthTotal":2470953,"queueLengthSamples":5704,"queueLengthMax":500,"queueTimeouts":924,"active":0,"lockedKeys":0,"queueLength":0,"queueWaitAvgMs":3062.3760373443984,"fabricAvgMs":399.5746887966805,"totalAvgMs":3461.950726141079,"queueLengthAvg":433.19652875175314}