{"received":10000,"accepted":2809,"rejected":7191,"succeeded":1869,"failed":0,"mvccFailures":0,"transientRetries":0,"queueWaitTotalMs":5816988,"queueWaitMaxMs":4995,"fabricTotalMs":776396,"fabricMaxMs":2303,"totalTotalMs":6593384,"totalMaxMs":7191,"queueLengthTotal":2420272,"queueLengthSamples":5618,"queueLengthMax":500,"queueTimeouts":940,"active":0,"lockedKeys":0,"queueLength":0,"queueWaitAvgMs":3112.353130016051,"fabricAvgMs":415.4071696094168,"totalAvgMs":3527.760299625468,"queueLengthAvg":430.8066927732289}