{"received":10000,"accepted":2765,"rejected":7235,"succeeded":1838,"failed":0,"mvccFailures":0,"transientRetries":0,"queueWaitTotalMs":5874689,"queueWaitMaxMs":4999,"fabricTotalMs":774395,"fabricMaxMs":2302,"totalTotalMs":6649084,"totalMaxMs":7288,"queueLengthTotal":2391650,"queueLengthSamples":5530,"queueLengthMax":500,"queueTimeouts":927,"active":0,"lockedKeys":0,"queueLength":0,"queueWaitAvgMs":3196.239934711643,"fabricAvgMs":421.3248095756257,"totalAvgMs":3617.5647442872687,"queueLengthAvg":432.4864376130199}