{"received":6000,"accepted":2753,"rejected":3247,"succeeded":1796,"failed":0,"mvccFailures":0,"transientRetries":0,"queueWaitTotalMs":5041750,"queueWaitMaxMs":4997,"fabricTotalMs":781482,"fabricMaxMs":3719,"totalTotalMs":5823232,"totalMaxMs":8178,"queueLengthTotal":2220330,"queueLengthSamples":5506,"queueLengthMax":501,"queueTimeouts":957,"active":0,"lockedKeys":0,"queueLength":0,"queueWaitAvgMs":2807.2104677060133,"fabricAvgMs":435.1236080178174,"totalAvgMs":3242.3340757238307,"queueLengthAvg":403.2564475118053}