{"received":6000,"accepted":2743,"rejected":3257,"succeeded":1893,"failed":0,"mvccFailures":0,"transientRetries":0,"queueWaitTotalMs":6090218,"queueWaitMaxMs":4998,"fabricTotalMs":790883,"fabricMaxMs":5232,"totalTotalMs":6881101,"totalMaxMs":10190,"queueLengthTotal":2325321,"queueLengthSamples":5486,"queueLengthMax":502,"queueTimeouts":850,"active":0,"lockedKeys":0,"queueLength":0,"queueWaitAvgMs":3217.230850501849,"fabricAvgMs":417.7934495509773,"totalAvgMs":3635.024300052826,"queueLengthAvg":423.864564345607}