{"received":10000,"accepted":2855,"rejected":7145,"succeeded":1824,"failed":0,"mvccFailures":0,"transientRetries":0,"queueWaitTotalMs":5500686,"queueWaitMaxMs":4995,"fabricTotalMs":806925,"fabricMaxMs":3499,"totalTotalMs":6307611,"totalMaxMs":8141,"queueLengthTotal":2466491,"queueLengthSamples":5710,"queueLengthMax":500,"queueTimeouts":1031,"active":0,"lockedKeys":0,"queueLength":0,"queueWaitAvgMs":3015.7269736842104,"fabricAvgMs":442.3930921052632,"totalAvgMs":3458.1200657894738,"queueLengthAvg":431.9598949211909}