{"received":6000,"accepted":2786,"rejected":3214,"succeeded":1817,"failed":0,"mvccFailures":0,"transientRetries":0,"queueWaitTotalMs":4969648,"queueWaitMaxMs":4991,"fabricTotalMs":782042,"fabricMaxMs":3614,"totalTotalMs":5751690,"totalMaxMs":7036,"queueLengthTotal":2233791,"queueLengthSamples":5572,"queueLengthMax":501,"queueTimeouts":969,"active":0,"lockedKeys":0,"queueLength":0,"queueWaitAvgMs":2735.0842047330766,"fabricAvgMs":430.40286186020916,"totalAvgMs":3165.487066593286,"queueLengthAvg":400.8957286432161}