{"received":10000,"accepted":2762,"rejected":7238,"succeeded":1758,"failed":0,"mvccFailures":0,"transientRetries":0,"queueWaitTotalMs":5558023,"queueWaitMaxMs":4999,"fabricTotalMs":779327,"fabricMaxMs":3553,"totalTotalMs":6337350,"totalMaxMs":7247,"queueLengthTotal":2357202,"queueLengthSamples":5524,"queueLengthMax":500,"queueTimeouts":1004,"active":0,"lockedKeys":0,"queueLength":0,"queueWaitAvgMs":3161.5602957906713,"fabricAvgMs":443.30318543799774,"totalAvgMs":3604.863481228669,"queueLengthAvg":426.72013034033307}