{"received":10000,"accepted":2874,"rejected":7126,"succeeded":1823,"failed":0,"mvccFailures":0,"transientRetries":0,"queueWaitTotalMs":5429309,"queueWaitMaxMs":4999,"fabricTotalMs":796869,"fabricMaxMs":3403,"totalTotalMs":6226178,"totalMaxMs":7857,"queueLengthTotal":2464007,"queueLengthSamples":5748,"queueLengthMax":500,"queueTimeouts":1051,"active":0,"lockedKeys":0,"queueLength":0,"queueWaitAvgMs":2978.2276467361494,"fabricAvgMs":437.11958310477235,"totalAvgMs":3415.3472298409215,"queueLengthAvg":428.67205984690327}