{"received":6000,"accepted":1832,"rejected":4168,"succeeded":1832,"failed":0,"mvccFailures":0,"transientRetries":0,"queueWaitTotalMs":45282614,"queueWaitMaxMs":211635,"fabricTotalMs":1584093,"fabricMaxMs":2373,"totalTotalMs":46866707,"totalMaxMs":213923,"queueLengthTotal":1489575,"queueLengthSamples":3664,"queueLengthMax":517,"active":0,"lockedKeys":0,"queueLength":0,"queueWaitAvgMs":24717.58406113537,"fabricAvgMs":864.6795851528384,"totalAvgMs":25582.26364628821,"queueLengthAvg":406.54339519650654}