{"received":6000,"accepted":1982,"rejected":4018,"succeeded":1921,"failed":61,"mvccFailures":61,"transientRetries":0,"queueWaitTotalMs":10805557,"queueWaitMaxMs":9090,"fabricTotalMs":825685,"fabricMaxMs":3404,"totalTotalMs":11288039,"totalMaxMs":9476,"queueLengthTotal":1581198,"queueLengthSamples":3964,"queueLengthMax":500,"active":0,"lockedKeys":0,"queueLength":0,"queueWaitAvgMs":5451.845105953582,"fabricAvgMs":429.8204060385216,"totalAvgMs":5876.126496616345,"queueLengthAvg":398.88950554994955}