{"received":6000,"accepted":1842,"rejected":4158,"succeeded":1842,"failed":0,"mvccFailures":0,"transientRetries":0,"queueWaitTotalMs":47150833,"queueWaitMaxMs":220820,"fabricTotalMs":1626804,"fabricMaxMs":2337,"totalTotalMs":48777637,"totalMaxMs":223098,"queueLengthTotal":1497122,"queueLengthSamples":3684,"queueLengthMax":516,"active":0,"lockedKeys":0,"queueLength":0,"queueWaitAvgMs":25597.629207383277,"fabricAvgMs":883.1726384364821,"totalAvgMs":26480.801845819762,"queueLengthAvg":406.38490770901194}