{"received":6000,"accepted":302,"rejected":5698,"succeeded":299,"failed":0,"mvccFailures":0,"transientRetries":0,"queueWaitTotalMs":78811183,"queueWaitMaxMs":829728,"fabricTotalMs":515382,"fabricMaxMs":2410,"totalTotalMs":79308985,"totalMaxMs":832047,"queueLengthTotal":287476,"queueLengthSamples":601,"queueLengthMax":526,"active":1,"lockedKeys":2,"queueLength":378,"queueWaitAvgMs":263582.55183946487,"fabricAvgMs":1723.685618729097,"totalAvgMs":265247.4414715719,"queueLengthAvg":478.3294509151414}