{"received":10000,"accepted":2162,"rejected":7838,"succeeded":2162,"failed":0,"mvccFailures":0,"transientRetries":0,"queueWaitTotalMs":11255822,"queueWaitMaxMs":7857,"fabricTotalMs":849675,"fabricMaxMs":2284,"totalTotalMs":12105497,"totalMaxMs":9495,"queueLengthTotal":1820764,"queueLengthSamples":4324,"queueLengthMax":500,"active":0,"lockedKeys":0,"queueLength":0,"queueWaitAvgMs":5206.208140610545,"fabricAvgMs":393.0041628122109,"totalAvgMs":5599.212303422757,"queueLengthAvg":421.0832562442183}