{"received":10000,"accepted":2586,"rejected":7414,"succeeded":869,"failed":0,"mvccFailures":0,"transientRetries":0,"queueWaitTotalMs":2191223,"queueWaitMaxMs":4999,"fabricTotalMs":396938,"fabricMaxMs":2324,"totalTotalMs":2588161,"totalMaxMs":7173,"queueLengthTotal":2242502,"queueLengthSamples":5172,"queueLengthMax":521,"queueTimeouts":1717,"active":0,"lockedKeys":0,"queueLength":0,"queueWaitAvgMs":2521.5454545454545,"fabricAvgMs":456.77560414269277,"totalAvgMs":2978.3210586881473,"queueLengthAvg":433.5850734725445}