{"received":6000,"accepted":1902,"rejected":4098,"succeeded":1902,"failed":0,"mvccFailures":0,"transientRetries":0,"queueWaitTotalMs":43999815,"queueWaitMaxMs":213391,"fabricTotalMs":1592846,"fabricMaxMs":2387,"totalTotalMs":45592661,"totalMaxMs":215671,"queueLengthTotal":1556342,"queueLengthSamples":3804,"queueLengthMax":514,"active":0,"lockedKeys":0,"queueLength":0,"queueWaitAvgMs":23133.44637223975,"fabricAvgMs":837.4584647739222,"totalAvgMs":23970.90483701367,"queueLengthAvg":409.1330178759201}