{"received":9999,"accepted":1862,"rejected":8137,"succeeded":1862,"failed":0,"mvccFailures":0,"transientRetries":0,"queueWaitTotalMs":42181400,"queueWaitMaxMs":205497,"fabricTotalMs":1527911,"fabricMaxMs":2373,"totalTotalMs":43709311,"totalMaxMs":207802,"queueLengthTotal":1553844,"queueLengthSamples":3724,"queueLengthMax":516,"active":0,"lockedKeys":0,"queueLength":0,"queueWaitAvgMs":22653.813104189045,"fabricAvgMs":820.5751879699249,"totalAvgMs":23474.38829215897,"queueLengthAvg":417.2513426423201}