{"received":6000,"accepted":2162,"rejected":3838,"succeeded":2162,"failed":0,"mvccFailures":0,"transientRetries":0,"queueWaitTotalMs":10847749,"queueWaitMaxMs":7915,"fabricTotalMs":844795,"fabricMaxMs":2284,"totalTotalMs":11692544,"totalMaxMs":8760,"queueLengthTotal":1758746,"queueLengthSamples":4324,"queueLengthMax":500,"active":0,"lockedKeys":0,"queueLength":0,"queueWaitAvgMs":5017.460222016652,"fabricAvgMs":390.7469935245143,"totalAvgMs":5408.207215541165,"queueLengthAvg":406.74051803885294}