{"received":10000,"accepted":2156,"rejected":7844,"succeeded":2156,"failed":0,"mvccFailures":0,"transientRetries":0,"queueWaitTotalMs":11145352,"queueWaitMaxMs":9117,"fabricTotalMs":848005,"fabricMaxMs":2297,"totalTotalMs":11993357,"totalMaxMs":11404,"queueLengthTotal":1816342,"queueLengthSamples":4312,"queueLengthMax":500,"active":0,"lockedKeys":0,"queueLength":0,"queueWaitAvgMs":5169.458256029685,"fabricAvgMs":393.32328385899814,"totalAvgMs":5562.781539888682,"queueLengthAvg":421.2295918367347}