{"received":6000,"accepted":2282,"rejected":3718,"succeeded":2199,"failed":83,"mvccFailures":83,"transientRetries":0,"queueWaitTotalMs":10815897,"queueWaitMaxMs":6811,"fabricTotalMs":836526,"fabricMaxMs":5426,"totalTotalMs":11236196,"totalMaxMs":12237,"queueLengthTotal":1870576,"queueLengthSamples":4564,"queueLengthMax":500,"active":0,"lockedKeys":0,"queueLength":0,"queueWaitAvgMs":4739.656879929886,"fabricAvgMs":380.41200545702594,"totalAvgMs":5109.684402000909,"queueLengthAvg":409.85451358457493}