{"received":6000,"accepted":2827,"rejected":3173,"succeeded":1316,"failed":0,"mvccFailures":0,"transientRetries":0,"queueWaitTotalMs":3099835,"queueWaitMaxMs":4975,"fabricTotalMs":597100,"fabricMaxMs":3180,"totalTotalMs":3696935,"totalMaxMs":7881,"queueLengthTotal":2446352,"queueLengthSamples":5654,"queueLengthMax":510,"queueTimeouts":1511,"active":0,"lockedKeys":0,"queueLength":0,"queueWaitAvgMs":2355.497720364742,"fabricAvgMs":453.72340425531917,"totalAvgMs":2809.221124620061,"queueLengthAvg":432.67633533781395}