{"received":6000,"accepted":2803,"rejected":3197,"succeeded":1379,"failed":0,"mvccFailures":0,"transientRetries":0,"queueWaitTotalMs":3345280,"queueWaitMaxMs":4994,"fabricTotalMs":584141,"fabricMaxMs":4715,"totalTotalMs":3929421,"totalMaxMs":9368,"queueLengthTotal":2450947,"queueLengthSamples":5606,"queueLengthMax":510,"queueTimeouts":1424,"active":0,"lockedKeys":0,"queueLength":0,"queueWaitAvgMs":2425.8738216098623,"fabricAvgMs":423.5975344452502,"totalAvgMs":2849.471356055112,"queueLengthAvg":437.2006778451659}