{"received":6000,"accepted":2536,"rejected":3464,"succeeded":1857,"failed":0,"mvccFailures":0,"transientRetries":0,"queueWaitTotalMs":7040101,"queueWaitMaxMs":4999,"fabricTotalMs":811645,"fabricMaxMs":3158,"totalTotalMs":7851746,"totalMaxMs":7836,"queueLengthTotal":2072388,"queueLengthSamples":5072,"queueLengthMax":500,"queueTimeouts":679,"active":0,"lockedKeys":0,"queueLength":0,"queueWaitAvgMs":3791.115239633818,"fabricAvgMs":437.0732364028002,"totalAvgMs":4228.188476036618,"queueLengthAvg":408.59384858044166}