{"received":6000,"accepted":2746,"rejected":3254,"succeeded":1907,"failed":0,"mvccFailures":0,"transientRetries":0,"queueWaitTotalMs":6005491,"queueWaitMaxMs":4995,"fabricTotalMs":774546,"fabricMaxMs":2319,"totalTotalMs":6780037,"totalMaxMs":6835,"queueLengthTotal":2298150,"queueLengthSamples":5492,"queueLengthMax":500,"queueTimeouts":839,"active":0,"lockedKeys":0,"queueLength":0,"queueWaitAvgMs":3149.1824855794443,"fabricAvgMs":406.15941269008914,"totalAvgMs":3555.3418982695334,"queueLengthAvg":418.45411507647486}