{"received":6000,"accepted":2551,"rejected":3449,"succeeded":1855,"failed":0,"mvccFailures":0,"transientRetries":0,"queueWaitTotalMs":6525593,"queueWaitMaxMs":4995,"fabricTotalMs":801310,"fabricMaxMs":3098,"totalTotalMs":7326903,"totalMaxMs":7354,"queueLengthTotal":2042225,"queueLengthSamples":5102,"queueLengthMax":500,"queueTimeouts":696,"active":0,"lockedKeys":0,"queueLength":0,"queueWaitAvgMs":3517.8398921832886,"fabricAvgMs":431.97304582210245,"totalAvgMs":3949.812938005391,"queueLengthAvg":400.27930223441786}