{"received":6000,"accepted":2603,"rejected":3397,"succeeded":1887,"failed":0,"mvccFailures":0,"transientRetries":0,"queueWaitTotalMs":6950063,"queueWaitMaxMs":4999,"fabricTotalMs":810584,"fabricMaxMs":3049,"totalTotalMs":7760647,"totalMaxMs":7930,"queueLengthTotal":2167417,"queueLengthSamples":5206,"queueLengthMax":500,"queueTimeouts":716,"active":0,"lockedKeys":0,"queueLength":0,"queueWaitAvgMs":3683.128245892952,"fabricAvgMs":429.5622681505034,"totalAvgMs":4112.690514043456,"queueLengthAvg":416.33058009988474}