{"received":6000,"accepted":2430,"rejected":3570,"succeeded":1820,"failed":0,"mvccFailures":0,"transientRetries":0,"queueWaitTotalMs":6689335,"queueWaitMaxMs":4999,"fabricTotalMs":782830,"fabricMaxMs":3193,"totalTotalMs":7472165,"totalMaxMs":7704,"queueLengthTotal":1929784,"queueLengthSamples":4860,"queueLengthMax":500,"queueTimeouts":610,"active":0,"lockedKeys":0,"queueLength":0,"queueWaitAvgMs":3675.4587912087914,"fabricAvgMs":430.1263736263736,"totalAvgMs":4105.5851648351645,"queueLengthAvg":397.0748971193416}