{"received":6000,"accepted":2563,"rejected":3437,"succeeded":1843,"failed":0,"mvccFailures":0,"transientRetries":0,"queueWaitTotalMs":6649206,"queueWaitMaxMs":4999,"fabricTotalMs":797045,"fabricMaxMs":3168,"totalTotalMs":7446251,"totalMaxMs":7816,"queueLengthTotal":2079994,"queueLengthSamples":5126,"queueLengthMax":500,"queueTimeouts":720,"active":0,"lockedKeys":0,"queueLength":0,"queueWaitAvgMs":3607.8166033640805,"fabricAvgMs":432.47151383613675,"totalAvgMs":4040.288117200217,"queueLengthAvg":405.77331252438546}