{"received":6000,"accepted":2265,"rejected":3735,"succeeded":294,"failed":0,"mvccFailures":0,"transientRetries":0,"queueWaitTotalMs":670709,"queueWaitMaxMs":4997,"fabricTotalMs":243059,"fabricMaxMs":3932,"totalTotalMs":913768,"totalMaxMs":7888,"queueLengthTotal":1620119,"queueLengthSamples":4530,"queueLengthMax":523,"queueTimeouts":1971,"active":0,"lockedKeys":0,"queueLength":0,"queueWaitAvgMs":2281.3231292517007,"fabricAvgMs":826.7312925170068,"totalAvgMs":3108.0544217687075,"queueLengthAvg":357.6421633554084}