{"received":6000,"accepted":2506,"rejected":3494,"succeeded":1855,"failed":0,"mvccFailures":0,"transientRetries":0,"queueWaitTotalMs":7056235,"queueWaitMaxMs":4999,"fabricTotalMs":807105,"fabricMaxMs":3150,"totalTotalMs":7863340,"totalMaxMs":7068,"queueLengthTotal":1990119,"queueLengthSamples":5012,"queueLengthMax":500,"queueTimeouts":651,"active":0,"lockedKeys":0,"queueLength":0,"queueWaitAvgMs":3803.900269541779,"fabricAvgMs":435.09703504043125,"totalAvgMs":4238.99730458221,"queueLengthAvg":397.0708300079809}