{"received":6000,"accepted":2027,"rejected":3973,"succeeded":251,"failed":0,"mvccFailures":0,"transientRetries":0,"queueWaitTotalMs":671012,"queueWaitMaxMs":4994,"fabricTotalMs":248372,"fabricMaxMs":2879,"totalTotalMs":919384,"totalMaxMs":7305,"queueLengthTotal":1453150,"queueLengthSamples":4054,"queueLengthMax":523,"queueTimeouts":1776,"active":0,"lockedKeys":0,"queueLength":0,"queueWaitAvgMs":2673.3545816733067,"fabricAvgMs":989.5298804780876,"totalAvgMs":3662.8844621513945,"queueLengthAvg":358.4484459792797}