{"received":6000,"accepted":2506,"rejected":3494,"succeeded":2013,"failed":0,"mvccFailures":0,"transientRetries":0,"queueWaitTotalMs":7927877,"queueWaitMaxMs":4999,"fabricTotalMs":797667,"fabricMaxMs":2294,"totalTotalMs":8725544,"totalMaxMs":7270,"queueLengthTotal":2075037,"queueLengthSamples":5012,"queueLengthMax":500,"queueTimeouts":493,"active":0,"lockedKeys":0,"queueLength":0,"queueWaitAvgMs":3938.339294585196,"fabricAvgMs":396.25782414307,"totalAvgMs":4334.597118728267,"queueLengthAvg":414.0137669592977}