{"received":6000,"accepted":2779,"rejected":3221,"succeeded":1278,"failed":0,"mvccFailures":0,"transientRetries":0,"queueWaitTotalMs":3063716,"queueWaitMaxMs":4998,"fabricTotalMs":583996,"fabricMaxMs":3210,"totalTotalMs":3647712,"totalMaxMs":7893,"queueLengthTotal":2408900,"queueLengthSamples":5558,"queueLengthMax":510,"queueTimeouts":1501,"active":0,"lockedKeys":0,"queueLength":0,"queueWaitAvgMs":2397.2738654147106,"fabricAvgMs":456.9608763693271,"totalAvgMs":2854.2347417840374,"queueLengthAvg":433.4112990284275}