{"received":6000,"accepted":2780,"rejected":3220,"succeeded":1379,"failed":0,"mvccFailures":0,"transientRetries":0,"queueWaitTotalMs":3420668,"queueWaitMaxMs":4999,"fabricTotalMs":564858,"fabricMaxMs":2301,"totalTotalMs":3985526,"totalMaxMs":6965,"queueLengthTotal":2426835,"queueLengthSamples":5560,"queueLengthMax":510,"queueTimeouts":1401,"active":0,"lockedKeys":0,"queueLength":0,"queueWaitAvgMs":2480.54242204496,"fabricAvgMs":409.61421319796955,"totalAvgMs":2890.1566352429295,"queueLengthAvg":436.4811151079137}