{"received":6000,"accepted":2819,"rejected":3181,"succeeded":1852,"failed":0,"mvccFailures":0,"transientRetries":0,"queueWaitTotalMs":5276136,"queueWaitMaxMs":4994,"fabricTotalMs":778229,"fabricMaxMs":3067,"totalTotalMs":6054365,"totalMaxMs":7274,"queueLengthTotal":2328629,"queueLengthSamples":5638,"queueLengthMax":500,"queueTimeouts":967,"active":0,"lockedKeys":0,"queueLength":0,"queueWaitAvgMs":2848.8855291576674,"fabricAvgMs":420.2100431965443,"totalAvgMs":3269.0955723542115,"queueLengthAvg":413.0239446612274}