{"received":6000,"accepted":2682,"rejected":3318,"succeeded":1740,"failed":0,"mvccFailures":0,"transientRetries":0,"queueWaitTotalMs":4837688,"queueWaitMaxMs":4978,"fabricTotalMs":781171,"fabricMaxMs":3442,"totalTotalMs":5618859,"totalMaxMs":8120,"queueLengthTotal":2094935,"queueLengthSamples":5364,"queueLengthMax":500,"queueTimeouts":942,"active":0,"lockedKeys":0,"queueLength":0,"queueWaitAvgMs":2780.280459770115,"fabricAvgMs":448.94885057471265,"totalAvgMs":3229.229310344828,"queueLengthAvg":390.5546234153617}