{"received":6000,"accepted":2819,"rejected":3181,"succeeded":1278,"failed":0,"mvccFailures":0,"transientRetries":0,"queueWaitTotalMs":2981437,"queueWaitMaxMs":4958,"fabricTotalMs":584405,"fabricMaxMs":3095,"totalTotalMs":3565842,"totalMaxMs":7370,"queueLengthTotal":2466066,"queueLengthSamples":5638,"queueLengthMax":510,"queueTimeouts":1541,"active":0,"lockedKeys":0,"queueLength":0,"queueWaitAvgMs":2332.8928012519564,"fabricAvgMs":457.28090766823163,"totalAvgMs":2790.173708920188,"queueLengthAvg":437.40085136573254}