{"received":6000,"accepted":2746,"rejected":3254,"succeeded":1239,"failed":0,"mvccFailures":0,"transientRetries":0,"queueWaitTotalMs":2943941,"queueWaitMaxMs":4983,"fabricTotalMs":567794,"fabricMaxMs":3120,"totalTotalMs":3511735,"totalMaxMs":7260,"queueLengthTotal":2392756,"queueLengthSamples":5492,"queueLengthMax":510,"queueTimeouts":1507,"active":0,"lockedKeys":0,"queueLength":0,"queueWaitAvgMs":2376.062146892655,"fabricAvgMs":458.2679580306699,"totalAvgMs":2834.330104923325,"queueLengthAvg":435.680262199563}