{"received":6000,"accepted":2173,"rejected":3827,"succeeded":293,"failed":0,"mvccFailures":0,"transientRetries":0,"queueWaitTotalMs":602691,"queueWaitMaxMs":4993,"fabricTotalMs":239327,"fabricMaxMs":2493,"totalTotalMs":842018,"totalMaxMs":7264,"queueLengthTotal":1423556,"queueLengthSamples":4346,"queueLengthMax":523,"queueTimeouts":1880,"active":0,"lockedKeys":0,"queueLength":0,"queueWaitAvgMs":2056.9658703071673,"fabricAvgMs":816.8156996587031,"totalAvgMs":2873.7815699658704,"queueLengthAvg":327.55545329038193}