{"received":6000,"accepted":2432,"rejected":3568,"succeeded":1741,"failed":0,"mvccFailures":0,"transientRetries":0,"queueWaitTotalMs":6229499,"queueWaitMaxMs":4999,"fabricTotalMs":744120,"fabricMaxMs":3229,"totalTotalMs":6973619,"totalMaxMs":7889,"queueLengthTotal":1994126,"queueLengthSamples":4864,"queueLengthMax":500,"queueTimeouts":691,"active":0,"lockedKeys":0,"queueLength":0,"queueWaitAvgMs":3578.115450890293,"fabricAvgMs":427.4095347501436,"totalAvgMs":4005.5249856404366,"queueLengthAvg":409.9765625}