{"received":6000,"accepted":2770,"rejected":3230,"succeeded":1845,"failed":0,"mvccFailures":0,"transientRetries":0,"queueWaitTotalMs":5494791,"queueWaitMaxMs":4997,"fabricTotalMs":783238,"fabricMaxMs":3080,"totalTotalMs":6278029,"totalMaxMs":7653,"queueLengthTotal":2300548,"queueLengthSamples":5540,"queueLengthMax":500,"queueTimeouts":925,"active":0,"lockedKeys":0,"queueLength":0,"queueWaitAvgMs":2978.2065040650405,"fabricAvgMs":424.5192411924119,"totalAvgMs":3402.7257452574527,"queueLengthAvg":415.2613718411552}