{"received":6000,"accepted":2515,"rejected":3485,"succeeded":1849,"failed":0,"mvccFailures":0,"transientRetries":0,"queueWaitTotalMs":6973960,"queueWaitMaxMs":4999,"fabricTotalMs":818705,"fabricMaxMs":3348,"totalTotalMs":7792665,"totalMaxMs":8212,"queueLengthTotal":2042594,"queueLengthSamples":5030,"queueLengthMax":500,"queueTimeouts":666,"active":0,"lockedKeys":0,"queueLength":0,"queueWaitAvgMs":3771.746890210925,"fabricAvgMs":442.782585181179,"totalAvgMs":4214.529475392103,"queueLengthAvg":406.0823061630219}