{"received":6000,"accepted":2699,"rejected":3301,"succeeded":1288,"failed":0,"mvccFailures":0,"transientRetries":0,"queueWaitTotalMs":3153050,"queueWaitMaxMs":4995,"fabricTotalMs":562217,"fabricMaxMs":2300,"totalTotalMs":3715267,"totalMaxMs":6870,"queueLengthTotal":2294173,"queueLengthSamples":5398,"queueLengthMax":510,"queueTimeouts":1411,"active":0,"lockedKeys":0,"queueLength":0,"queueWaitAvgMs":2448.0201863354037,"fabricAvgMs":436.50388198757764,"totalAvgMs":2884.5240683229813,"queueLengthAvg":425.00426083734715}