{"received":6000,"accepted":2289,"rejected":3711,"succeeded":384,"failed":0,"mvccFailures":0,"transientRetries":0,"queueWaitTotalMs":1031301,"queueWaitMaxMs":4993,"fabricTotalMs":234529,"fabricMaxMs":2339,"totalTotalMs":1265830,"totalMaxMs":7171,"queueLengthTotal":1996155,"queueLengthSamples":4578,"queueLengthMax":523,"queueTimeouts":1905,"active":0,"lockedKeys":0,"queueLength":0,"queueWaitAvgMs":2685.6796875,"fabricAvgMs":610.7526041666666,"totalAvgMs":3296.4322916666665,"queueLengthAvg":436.0321100917431}