{"received":6000,"accepted":2803,"rejected":3197,"succeeded":1858,"failed":0,"mvccFailures":0,"transientRetries":0,"queueWaitTotalMs":5374214,"queueWaitMaxMs":4993,"fabricTotalMs":779015,"fabricMaxMs":3139,"totalTotalMs":6153229,"totalMaxMs":7760,"queueLengthTotal":2348802,"queueLengthSamples":5606,"queueLengthMax":500,"queueTimeouts":945,"active":0,"lockedKeys":0,"queueLength":0,"queueWaitAvgMs":2892.4725511302477,"fabricAvgMs":419.27610333692144,"totalAvgMs":3311.748654467169,"queueLengthAvg":418.9800214056368}