{"received":6000,"accepted":2090,"rejected":3910,"succeeded":264,"failed":0,"mvccFailures":0,"transientRetries":0,"queueWaitTotalMs":582763,"queueWaitMaxMs":4995,"fabricTotalMs":232922,"fabricMaxMs":4791,"totalTotalMs":815685,"totalMaxMs":7292,"queueLengthTotal":1374193,"queueLengthSamples":4180,"queueLengthMax":523,"queueTimeouts":1826,"active":0,"lockedKeys":0,"queueLength":0,"queueWaitAvgMs":2207.435606060606,"fabricAvgMs":882.280303030303,"totalAvgMs":3089.715909090909,"queueLengthAvg":328.7543062200957}