{"received":6000,"accepted":2583,"rejected":3417,"succeeded":2036,"failed":0,"mvccFailures":0,"transientRetries":0,"queueWaitTotalMs":7647377,"queueWaitMaxMs":4995,"fabricTotalMs":801244,"fabricMaxMs":2292,"totalTotalMs":8448621,"totalMaxMs":7138,"queueLengthTotal":2149500,"queueLengthSamples":5166,"queueLengthMax":500,"queueTimeouts":547,"active":0,"lockedKeys":0,"queueLength":0,"queueWaitAvgMs":3756.079076620825,"fabricAvgMs":393.53831041257365,"totalAvgMs":4149.617387033399,"queueLengthAvg":416.08594657375147}