{"received":6000,"accepted":2574,"rejected":3426,"succeeded":1857,"failed":0,"mvccFailures":0,"transientRetries":0,"queueWaitTotalMs":6598790,"queueWaitMaxMs":4999,"fabricTotalMs":804270,"fabricMaxMs":3165,"totalTotalMs":7403060,"totalMaxMs":7192,"queueLengthTotal":2088862,"queueLengthSamples":5148,"queueLengthMax":500,"queueTimeouts":717,"active":0,"lockedKeys":0,"queueLength":0,"queueWaitAvgMs":3553.467959073775,"fabricAvgMs":433.10177705977384,"totalAvgMs":3986.5697361335488,"queueLengthAvg":405.76184926184925}