{"received":6000,"accepted":2362,"rejected":3638,"succeeded":1850,"failed":0,"mvccFailures":0,"transientRetries":0,"queueWaitTotalMs":7585394,"queueWaitMaxMs":4998,"fabricTotalMs":789731,"fabricMaxMs":3022,"totalTotalMs":8375125,"totalMaxMs":5662,"queueLengthTotal":2012442,"queueLengthSamples":4724,"queueLengthMax":500,"queueTimeouts":512,"active":0,"lockedKeys":0,"queueLength":0,"queueWaitAvgMs":4100.212972972973,"fabricAvgMs":426.8816216216216,"totalAvgMs":4527.094594594595,"queueLengthAvg":426.00381033022865}