{"received":6000,"accepted":1918,"rejected":4082,"succeeded":232,"failed":0,"mvccFailures":0,"transientRetries":0,"queueWaitTotalMs":520719,"queueWaitMaxMs":4993,"fabricTotalMs":240192,"fabricMaxMs":2941,"totalTotalMs":760911,"totalMaxMs":7304,"queueLengthTotal":1285194,"queueLengthSamples":3836,"queueLengthMax":523,"queueTimeouts":1686,"active":0,"lockedKeys":0,"queueLength":0,"queueWaitAvgMs":2244.478448275862,"fabricAvgMs":1035.3103448275863,"totalAvgMs":3279.7887931034484,"queueLengthAvg":335.0349322210636}