{"received":6000,"accepted":2453,"rejected":3547,"succeeded":1849,"failed":0,"mvccFailures":0,"transientRetries":0,"queueWaitTotalMs":6786501,"queueWaitMaxMs":4999,"fabricTotalMs":801504,"fabricMaxMs":3201,"totalTotalMs":7588005,"totalMaxMs":7505,"queueLengthTotal":1935192,"queueLengthSamples":4906,"queueLengthMax":500,"queueTimeouts":604,"active":0,"lockedKeys":0,"queueLength":0,"queueWaitAvgMs":3670.362898864251,"fabricAvgMs":433.47971876690104,"totalAvgMs":4103.842617631152,"queueLengthAvg":394.45413779046066}