{"received":6000,"accepted":2399,"rejected":3601,"succeeded":1831,"failed":0,"mvccFailures":0,"transientRetries":0,"queueWaitTotalMs":7351394,"queueWaitMaxMs":4999,"fabricTotalMs":794477,"fabricMaxMs":3190,"totalTotalMs":8145871,"totalMaxMs":7077,"queueLengthTotal":1928430,"queueLengthSamples":4798,"queueLengthMax":500,"queueTimeouts":568,"active":0,"lockedKeys":0,"queueLength":0,"queueWaitAvgMs":4014.961223375205,"fabricAvgMs":433.90333151283454,"totalAvgMs":4448.8645548880395,"queueLengthAvg":401.9237182159233}