{"received":6000,"accepted":1996,"rejected":4004,"succeeded":232,"failed":0,"mvccFailures":0,"transientRetries":0,"queueWaitTotalMs":536309,"queueWaitMaxMs":4984,"fabricTotalMs":241724,"fabricMaxMs":3150,"totalTotalMs":778033,"totalMaxMs":7187,"queueLengthTotal":1298675,"queueLengthSamples":3992,"queueLengthMax":523,"queueTimeouts":1764,"active":0,"lockedKeys":0,"queueLength":0,"queueWaitAvgMs":2311.676724137931,"fabricAvgMs":1041.9137931034484,"totalAvgMs":3353.5905172413795,"queueLengthAvg":325.3193887775551}