{"received":6000,"accepted":2519,"rejected":3481,"succeeded":2012,"failed":0,"mvccFailures":0,"transientRetries":0,"queueWaitTotalMs":7903804,"queueWaitMaxMs":4999,"fabricTotalMs":807505,"fabricMaxMs":4794,"totalTotalMs":8711309,"totalMaxMs":9502,"queueLengthTotal":2084574,"queueLengthSamples":5038,"queueLengthMax":500,"queueTimeouts":507,"active":0,"lockedKeys":0,"queueLength":0,"queueWaitAvgMs":3928.3320079522864,"fabricAvgMs":401.3444333996024,"totalAvgMs":4329.676441351889,"queueLengthAvg":413.770146883684}