{"received":6000,"accepted":2573,"rejected":3427,"succeeded":1957,"failed":0,"mvccFailures":0,"transientRetries":0,"queueWaitTotalMs":7204119,"queueWaitMaxMs":4999,"fabricTotalMs":798428,"fabricMaxMs":2367,"totalTotalMs":8002547,"totalMaxMs":7266,"queueLengthTotal":2130719,"queueLengthSamples":5146,"queueLengthMax":500,"queueTimeouts":616,"active":0,"lockedKeys":0,"queueLength":0,"queueWaitAvgMs":3681.205416453756,"fabricAvgMs":407.9856923863056,"totalAvgMs":4089.191108840061,"queueLengthAvg":414.05343956471046}