{"received":6000,"accepted":1902,"rejected":4098,"succeeded":222,"failed":0,"mvccFailures":0,"transientRetries":0,"queueWaitTotalMs":554333,"queueWaitMaxMs":4971,"fabricTotalMs":246932,"fabricMaxMs":4651,"totalTotalMs":801265,"totalMaxMs":7457,"queueLengthTotal":1176966,"queueLengthSamples":3804,"queueLengthMax":523,"queueTimeouts":1680,"active":0,"lockedKeys":0,"queueLength":0,"queueWaitAvgMs":2496.9954954954956,"fabricAvgMs":1112.3063063063064,"totalAvgMs":3609.301801801802,"queueLengthAvg":309.40220820189273}