{"received":6000,"accepted":2863,"rejected":3137,"succeeded":1835,"failed":0,"mvccFailures":0,"transientRetries":0,"queueWaitTotalMs":5458757,"queueWaitMaxMs":4992,"fabricTotalMs":797155,"fabricMaxMs":3449,"totalTotalMs":6255912,"totalMaxMs":7810,"queueLengthTotal":2430595,"queueLengthSamples":5726,"queueLengthMax":500,"queueTimeouts":1028,"active":0,"lockedKeys":0,"queueLength":0,"queueWaitAvgMs":2974.799455040872,"fabricAvgMs":434.41689373297004,"totalAvgMs":3409.216348773842,"queueLengthAvg":424.4839329374782}