{"received":6000,"accepted":2901,"rejected":3099,"succeeded":1307,"failed":0,"mvccFailures":0,"transientRetries":0,"queueWaitTotalMs":3154170,"queueWaitMaxMs":4999,"fabricTotalMs":623520,"fabricMaxMs":3366,"totalTotalMs":3777690,"totalMaxMs":8153,"queueLengthTotal":2469522,"queueLengthSamples":5802,"queueLengthMax":510,"queueTimeouts":1594,"active":0,"lockedKeys":0,"queueLength":0,"queueWaitAvgMs":2413.289977046672,"fabricAvgMs":477.061973986228,"totalAvgMs":2890.3519510328997,"queueLengthAvg":425.63288521199587}