{"received":5996,"accepted":2093,"rejected":3903,"succeeded":314,"failed":0,"mvccFailures":0,"transientRetries":0,"queueWaitTotalMs":748413,"queueWaitMaxMs":4989,"fabricTotalMs":242155,"fabricMaxMs":3348,"totalTotalMs":990568,"totalMaxMs":6924,"queueLengthTotal":1501684,"queueLengthSamples":4186,"queueLengthMax":523,"queueTimeouts":1779,"active":0,"lockedKeys":0,"queueLength":0,"queueWaitAvgMs":2383.480891719745,"fabricAvgMs":771.1942675159236,"totalAvgMs":3154.6751592356686,"queueLengthAvg":358.7396082178691}