{"received":6000,"accepted":2854,"rejected":3146,"succeeded":2027,"failed":0,"mvccFailures":0,"transientRetries":0,"queueWaitTotalMs":6098972,"queueWaitMaxMs":4998,"fabricTotalMs":780650,"fabricMaxMs":3262,"totalTotalMs":6879622,"totalMaxMs":7915,"queueLengthTotal":2421466,"queueLengthSamples":5708,"queueLengthMax":501,"queueTimeouts":827,"active":0,"lockedKeys":0,"queueLength":0,"queueWaitAvgMs":3008.866304884065,"fabricAvgMs":385.1258016773557,"totalAvgMs":3393.9921065614208,"queueLengthAvg":424.22319551506655}