{"received":6000,"accepted":2156,"rejected":3844,"succeeded":203,"failed":0,"mvccFailures":0,"transientRetries":0,"queueWaitTotalMs":541582,"queueWaitMaxMs":4988,"fabricTotalMs":230593,"fabricMaxMs":4706,"totalTotalMs":772175,"totalMaxMs":7232,"queueLengthTotal":1364251,"queueLengthSamples":4312,"queueLengthMax":523,"queueTimeouts":1953,"active":0,"lockedKeys":0,"queueLength":0,"queueWaitAvgMs":2667.8916256157636,"fabricAvgMs":1135.9261083743843,"totalAvgMs":3803.8177339901476,"queueLengthAvg":316.3847402597403}