{"received":6000,"accepted":2119,"rejected":3881,"succeeded":1644,"failed":0,"mvccFailures":0,"transientRetries":0,"queueWaitTotalMs":6682736,"queueWaitMaxMs":4999,"fabricTotalMs":775086,"fabricMaxMs":3546,"totalTotalMs":7457822,"totalMaxMs":6769,"queueLengthTotal":1728310,"queueLengthSamples":4238,"queueLengthMax":500,"queueTimeouts":475,"active":0,"lockedKeys":0,"queueLength":0,"queueWaitAvgMs":4064.9245742092457,"fabricAvgMs":471.463503649635,"totalAvgMs":4536.388077858881,"queueLengthAvg":407.81264747522414}