{"received":5999,"accepted":2780,"rejected":3219,"succeeded":1326,"failed":0,"mvccFailures":0,"transientRetries":0,"queueWaitTotalMs":3270666,"queueWaitMaxMs":4972,"fabricTotalMs":568228,"fabricMaxMs":2319,"totalTotalMs":3838894,"totalMaxMs":6975,"queueLengthTotal":2434099,"queueLengthSamples":5560,"queueLengthMax":511,"queueTimeouts":1454,"active":0,"lockedKeys":0,"queueLength":0,"queueWaitAvgMs":2466.5656108597286,"fabricAvgMs":428.52790346907994,"totalAvgMs":2895.0935143288084,"queueLengthAvg":437.78758992805757}