{"received":6000,"accepted":2826,"rejected":3174,"succeeded":1399,"failed":0,"mvccFailures":0,"transientRetries":0,"queueWaitTotalMs":3325204,"queueWaitMaxMs":4999,"fabricTotalMs":592731,"fabricMaxMs":5082,"totalTotalMs":3917935,"totalMaxMs":9536,"queueLengthTotal":2473218,"queueLengthSamples":5652,"queueLengthMax":511,"queueTimeouts":1427,"active":0,"lockedKeys":0,"queueLength":0,"queueWaitAvgMs":2376.84345961401,"fabricAvgMs":423.6819156540386,"totalAvgMs":2800.5253752680487,"queueLengthAvg":437.5828025477707}