{"received":6000,"accepted":2863,"rejected":3137,"succeeded":2029,"failed":0,"mvccFailures":0,"transientRetries":0,"queueWaitTotalMs":6074089,"queueWaitMaxMs":4999,"fabricTotalMs":783902,"fabricMaxMs":2338,"totalTotalMs":6857991,"totalMaxMs":7268,"queueLengthTotal":2415904,"queueLengthSamples":5726,"queueLengthMax":500,"queueTimeouts":834,"active":0,"lockedKeys":0,"queueLength":0,"queueWaitAvgMs":2993.636766880237,"fabricAvgMs":386.34894036471167,"totalAvgMs":3379.985707244948,"queueLengthAvg":421.91826755151936}