{"received":6000,"accepted":2474,"rejected":3526,"succeeded":1851,"failed":0,"mvccFailures":0,"transientRetries":0,"queueWaitTotalMs":6967002,"queueWaitMaxMs":4999,"fabricTotalMs":791866,"fabricMaxMs":3205,"totalTotalMs":7758868,"totalMaxMs":7652,"queueLengthTotal":2000812,"queueLengthSamples":4948,"queueLengthMax":500,"queueTimeouts":623,"active":0,"lockedKeys":0,"queueLength":0,"queueWaitAvgMs":3763.9124797406807,"fabricAvgMs":427.8044300378174,"totalAvgMs":4191.716909778498,"queueLengthAvg":404.36782538399353}