{"received":6000,"accepted":2514,"rejected":3486,"succeeded":1799,"failed":0,"mvccFailures":0,"transientRetries":0,"queueWaitTotalMs":6528360,"queueWaitMaxMs":4997,"fabricTotalMs":795531,"fabricMaxMs":3173,"totalTotalMs":7323891,"totalMaxMs":7973,"queueLengthTotal":2051983,"queueLengthSamples":5028,"queueLengthMax":500,"queueTimeouts":715,"active":0,"lockedKeys":0,"queueLength":0,"queueWaitAvgMs":3628.8827126181213,"fabricAvgMs":442.20733740967205,"totalAvgMs":4071.090050027793,"queueLengthAvg":408.1111774065235}