{"received":6000,"accepted":2572,"rejected":3428,"succeeded":1768,"failed":0,"mvccFailures":0,"transientRetries":0,"queueWaitTotalMs":6444855,"queueWaitMaxMs":4999,"fabricTotalMs":813738,"fabricMaxMs":3509,"totalTotalMs":7258593,"totalMaxMs":8434,"queueLengthTotal":2135563,"queueLengthSamples":5144,"queueLengthMax":500,"queueTimeouts":804,"active":0,"lockedKeys":0,"queueLength":0,"queueWaitAvgMs":3645.2799773755655,"fabricAvgMs":460.25904977375563,"totalAvgMs":4105.539027149322,"queueLengthAvg":415.1561041990669}