{"received":6000,"accepted":2681,"rejected":3319,"succeeded":1788,"failed":0,"mvccFailures":0,"transientRetries":0,"queueWaitTotalMs":5420371,"queueWaitMaxMs":4997,"fabricTotalMs":777608,"fabricMaxMs":3191,"totalTotalMs":6197979,"totalMaxMs":7473,"queueLengthTotal":2175069,"queueLengthSamples":5362,"queueLengthMax":500,"queueTimeouts":893,"active":0,"lockedKeys":0,"queueLength":0,"queueWaitAvgMs":3031.5274049217,"fabricAvgMs":434.903803131991,"totalAvgMs":3466.431208053691,"queueLengthAvg":405.64509511376355}