{"received":6000,"accepted":2491,"rejected":3509,"succeeded":808,"failed":0,"mvccFailures":0,"transientRetries":0,"queueWaitTotalMs":2192815,"queueWaitMaxMs":4999,"fabricTotalMs":376164,"fabricMaxMs":2324,"totalTotalMs":2568979,"totalMaxMs":7321,"queueLengthTotal":2147413,"queueLengthSamples":4982,"queueLengthMax":521,"queueTimeouts":1683,"active":0,"lockedKeys":0,"queueLength":0,"queueWaitAvgMs":2713.8799504950493,"fabricAvgMs":465.5495049504951,"totalAvgMs":3179.4294554455446,"queueLengthAvg":431.0343235648334}