{"received":10000,"accepted":2575,"rejected":7425,"succeeded":837,"failed":0,"mvccFailures":0,"transientRetries":0,"queueWaitTotalMs":2075550,"queueWaitMaxMs":4999,"fabricTotalMs":380985,"fabricMaxMs":2332,"totalTotalMs":2456535,"totalMaxMs":7085,"queueLengthTotal":2266526,"queueLengthSamples":5150,"queueLengthMax":521,"queueTimeouts":1738,"active":0,"lockedKeys":0,"queueLength":0,"queueWaitAvgMs":2479.7491039426523,"fabricAvgMs":455.17921146953404,"totalAvgMs":2934.9283154121863,"queueLengthAvg":440.1021359223301}