{"received":6000,"accepted":282,"rejected":5718,"succeeded":292,"failed":0,"mvccFailures":0,"transientRetries":0,"queueWaitTotalMs":115169748,"queueWaitMaxMs":1118013,"fabricTotalMs":497486,"fabricMaxMs":2386,"totalTotalMs":115668082,"totalMaxMs":1120302,"queueLengthTotal":277956,"queueLengthSamples":574,"queueLengthMax":526,"active":1,"lockedKeys":2,"queueLength":383,"queueWaitAvgMs":394416.94520547945,"fabricAvgMs":1703.7191780821918,"totalAvgMs":396123.5684931507,"queueLengthAvg":484.2439024390244}