{"received":10000,"accepted":2554,"rejected":7446,"succeeded":797,"failed":0,"mvccFailures":0,"transientRetries":0,"queueWaitTotalMs":1971655,"queueWaitMaxMs":4999,"fabricTotalMs":382960,"fabricMaxMs":2315,"totalTotalMs":2354615,"totalMaxMs":7282,"queueLengthTotal":2208431,"queueLengthSamples":5108,"queueLengthMax":520,"queueTimeouts":1757,"active":0,"lockedKeys":0,"queueLength":0,"queueWaitAvgMs":2473.8456712672523,"fabricAvgMs":480.50188205771644,"totalAvgMs":2954.3475533249684,"queueLengthAvg":432.34749412685983}