{"received":10000,"accepted":270,"rejected":9730,"succeeded":276,"failed":0,"mvccFailures":0,"transientRetries":0,"queueWaitTotalMs":114840604,"queueWaitMaxMs":1126442,"fabricTotalMs":487298,"fabricMaxMs":2684,"totalTotalMs":115325851,"totalMaxMs":1128766,"queueLengthTotal":264225,"queueLengthSamples":546,"queueLengthMax":527,"active":1,"lockedKeys":7,"queueLength":387,"queueWaitAvgMs":416089.14492753625,"fabricAvgMs":1765.572463768116,"totalAvgMs":417847.28623188403,"queueLengthAvg":483.92857142857144}