{"received":10000,"accepted":273,"rejected":9727,"succeeded":277,"failed":0,"mvccFailures":0,"transientRetries":0,"queueWaitTotalMs":116723216,"queueWaitMaxMs":1108593,"fabricTotalMs":480769,"fabricMaxMs":2588,"totalTotalMs":117204436,"totalMaxMs":1110879,"queueLengthTotal":265801,"queueLengthSamples":550,"queueLengthMax":527,"active":1,"lockedKeys":8,"queueLength":386,"queueWaitAvgMs":421383.4512635379,"fabricAvgMs":1735.6281588447653,"totalAvgMs":423120.7075812274,"queueLengthAvg":483.27454545454543}