{"received":10000,"accepted":275,"rejected":9725,"succeeded":278,"failed":0,"mvccFailures":0,"transientRetries":0,"queueWaitTotalMs":116889867,"queueWaitMaxMs":1109812,"fabricTotalMs":485037,"fabricMaxMs":2405,"totalTotalMs":117375799,"totalMaxMs":1112090,"queueLengthTotal":268831,"queueLengthSamples":553,"queueLengthMax":526,"active":1,"lockedKeys":2,"queueLength":390,"queueWaitAvgMs":420467.1474820144,"fabricAvgMs":1744.7374100719423,"totalAvgMs":422215.10431654676,"queueLengthAvg":486.13200723327304}