{"received":10000,"accepted":2567,"rejected":7433,"succeeded":818,"failed":0,"mvccFailures":0,"transientRetries":0,"queueWaitTotalMs":2060126,"queueWaitMaxMs":4999,"fabricTotalMs":378476,"fabricMaxMs":2306,"totalTotalMs":2438602,"totalMaxMs":7095,"queueLengthTotal":2238316,"queueLengthSamples":5134,"queueLengthMax":520,"queueTimeouts":1749,"active":0,"lockedKeys":0,"queueLength":0,"queueWaitAvgMs":2518.4914425427874,"fabricAvgMs":462.6845965770171,"totalAvgMs":2981.1760391198045,"queueLengthAvg":435.97896377093883}