{"received":6000,"accepted":2196,"rejected":3804,"succeeded":2196,"failed":0,"mvccFailures":0,"transientRetries":0,"queueWaitTotalMs":10819391,"queueWaitMaxMs":8571,"fabricTotalMs":848133,"fabricMaxMs":2307,"totalTotalMs":11667524,"totalMaxMs":10852,"queueLengthTotal":1789866,"queueLengthSamples":4392,"queueLengthMax":500,"active":0,"lockedKeys":0,"queueLength":0,"queueWaitAvgMs":4926.862932604736,"fabricAvgMs":386.2172131147541,"totalAvgMs":5313.08014571949,"queueLengthAvg":407.52868852459017}