{"received":6000,"accepted":2513,"rejected":3487,"succeeded":767,"failed":0,"mvccFailures":0,"transientRetries":0,"queueWaitTotalMs":1911332,"queueWaitMaxMs":4999,"fabricTotalMs":373061,"fabricMaxMs":2334,"totalTotalMs":2284393,"totalMaxMs":7183,"queueLengthTotal":2192418,"queueLengthSamples":5026,"queueLengthMax":520,"queueTimeouts":1746,"active":0,"lockedKeys":0,"queueLength":0,"queueWaitAvgMs":2491.9582790091263,"fabricAvgMs":486.3898305084746,"totalAvgMs":2978.348109517601,"queueLengthAvg":436.21528054118585}