{"received":6000,"accepted":307,"rejected":5693,"succeeded":306,"failed":0,"mvccFailures":0,"transientRetries":0,"queueWaitTotalMs":108911540,"queueWaitMaxMs":1029907,"fabricTotalMs":501003,"fabricMaxMs":2359,"totalTotalMs":109160271,"totalMaxMs":1032187,"queueLengthTotal":296973,"queueLengthSamples":613,"queueLengthMax":526,"active":1,"lockedKeys":2,"queueLength":386,"queueWaitAvgMs":355920.0653594771,"fabricAvgMs":1637.264705882353,"totalAvgMs":356732.9117647059,"queueLengthAvg":484.4584013050571}