{"received":5997,"accepted":2505,"rejected":3492,"succeeded":767,"failed":0,"mvccFailures":0,"transientRetries":0,"queueWaitTotalMs":2001404,"queueWaitMaxMs":4999,"fabricTotalMs":383870,"fabricMaxMs":2343,"totalTotalMs":2385274,"totalMaxMs":7229,"queueLengthTotal":2180939,"queueLengthSamples":5010,"queueLengthMax":521,"queueTimeouts":1738,"active":0,"lockedKeys":0,"queueLength":0,"queueWaitAvgMs":2609.3924380704043,"fabricAvgMs":500.4823989569752,"totalAvgMs":3109.8748370273793,"queueLengthAvg":435.31716566866265}