{"received":10000,"accepted":2122,"rejected":7878,"succeeded":2122,"failed":0,"mvccFailures":0,"transientRetries":0,"queueWaitTotalMs":11126564,"queueWaitMaxMs":8188,"fabricTotalMs":842193,"fabricMaxMs":2284,"totalTotalMs":11968757,"totalMaxMs":9276,"queueLengthTotal":1782113,"queueLengthSamples":4244,"queueLengthMax":500,"active":0,"lockedKeys":0,"queueLength":0,"queueWaitAvgMs":5243.43261074458,"fabricAvgMs":396.88642789820926,"totalAvgMs":5640.31903864279,"queueLengthAvg":419.9135249764373}