{"received":6000,"accepted":2192,"rejected":3808,"succeeded":2192,"failed":0,"mvccFailures":0,"transientRetries":0,"queueWaitTotalMs":11054892,"queueWaitMaxMs":8359,"fabricTotalMs":858653,"fabricMaxMs":2314,"totalTotalMs":11913545,"totalMaxMs":9873,"queueLengthTotal":1787912,"queueLengthSamples":4384,"queueLengthMax":500,"active":0,"lockedKeys":0,"queueLength":0,"queueWaitAvgMs":5043.290145985401,"fabricAvgMs":391.72125912408757,"totalAvgMs":5435.011405109489,"queueLengthAvg":407.82664233576645}