{"received":10000,"accepted":2222,"rejected":7778,"succeeded":2147,"failed":75,"mvccFailures":75,"transientRetries":0,"queueWaitTotalMs":11149096,"queueWaitMaxMs":6420,"fabricTotalMs":825928,"fabricMaxMs":4755,"totalTotalMs":11574795,"totalMaxMs":11019,"queueLengthTotal":1880315,"queueLengthSamples":4444,"queueLengthMax":500,"active":0,"lockedKeys":0,"queueLength":0,"queueWaitAvgMs":5017.594959495949,"fabricAvgMs":384.68933395435494,"totalAvgMs":5391.148113646949,"queueLengthAvg":423.11318631863185}