{"received":6000,"accepted":1832,"rejected":4168,"succeeded":1832,"failed":0,"mvccFailures":0,"transientRetries":0,"queueWaitTotalMs":42383695,"queueWaitMaxMs":207904,"fabricTotalMs":1555375,"fabricMaxMs":2373,"totalTotalMs":43939070,"totalMaxMs":210182,"queueLengthTotal":1482476,"queueLengthSamples":3664,"queueLengthMax":518,"active":0,"lockedKeys":0,"queueLength":0,"queueWaitAvgMs":23135.204694323143,"fabricAvgMs":849.0038209606987,"totalAvgMs":23984.208515283844,"queueLengthAvg":404.60589519650654}