{"received":10000,"accepted":311,"rejected":9689,"succeeded":305,"failed":0,"mvccFailures":0,"transientRetries":0,"queueWaitTotalMs":118006365,"queueWaitMaxMs":1112084,"fabricTotalMs":494040,"fabricMaxMs":2695,"totalTotalMs":118501254,"totalMaxMs":1114366,"queueLengthTotal":300075,"queueLengthSamples":616,"queueLengthMax":526,"active":1,"lockedKeys":2,"queueLength":393,"queueWaitAvgMs":386906.11475409835,"fabricAvgMs":1619.8032786885246,"totalAvgMs":388528.7016393443,"queueLengthAvg":487.1347402597403}