{"received":10000,"accepted":2568,"rejected":7432,"succeeded":825,"failed":0,"mvccFailures":0,"transientRetries":0,"queueWaitTotalMs":2055564,"queueWaitMaxMs":4999,"fabricTotalMs":399041,"fabricMaxMs":2324,"totalTotalMs":2454605,"totalMaxMs":7238,"queueLengthTotal":2253749,"queueLengthSamples":5136,"queueLengthMax":521,"queueTimeouts":1743,"active":0,"lockedKeys":0,"queueLength":0,"queueWaitAvgMs":2491.592727272727,"fabricAvgMs":483.6860606060606,"totalAvgMs":2975.278787878788,"queueLengthAvg":438.8140576323988}