{"received":10000,"accepted":2212,"rejected":7788,"succeeded":2142,"failed":70,"mvccFailures":69,"transientRetries":0,"queueWaitTotalMs":11514987,"queueWaitMaxMs":9254,"fabricTotalMs":914863,"fabricMaxMs":3476,"totalTotalMs":12061888,"totalMaxMs":11259,"queueLengthTotal":1867479,"queueLengthSamples":4424,"queueLengthMax":500,"active":0,"lockedKeys":0,"queueLength":0,"queueWaitAvgMs":5205.690325497288,"fabricAvgMs":427.10690943043886,"totalAvgMs":5631.133520074696,"queueLengthAvg":422.124547920434}