{"received":6000,"accepted":2262,"rejected":3738,"succeeded":2181,"failed":81,"mvccFailures":81,"transientRetries":0,"queueWaitTotalMs":12129604,"queueWaitMaxMs":9291,"fabricTotalMs":918099,"fabricMaxMs":3504,"totalTotalMs":12578699,"totalMaxMs":11271,"queueLengthTotal":1854126,"queueLengthSamples":4524,"queueLengthMax":500,"active":0,"lockedKeys":0,"queueLength":0,"queueWaitAvgMs":5362.335985853228,"fabricAvgMs":420.95323246217333,"totalAvgMs":5767.399816597891,"queueLengthAvg":409.842175066313}