{"received":10000,"accepted":2564,"rejected":7436,"succeeded":815,"failed":0,"mvccFailures":0,"transientRetries":0,"queueWaitTotalMs":2035491,"queueWaitMaxMs":4998,"fabricTotalMs":387872,"fabricMaxMs":2340,"totalTotalMs":2423363,"totalMaxMs":7327,"queueLengthTotal":2232915,"queueLengthSamples":5128,"queueLengthMax":520,"queueTimeouts":1749,"active":0,"lockedKeys":0,"queueLength":0,"queueWaitAvgMs":2497.5349693251533,"fabricAvgMs":475.91656441717794,"totalAvgMs":2973.4515337423313,"queueLengthAvg":435.43584243369736}