{"received":6000,"accepted":2265,"rejected":3735,"succeeded":1966,"failed":299,"mvccFailures":296,"transientRetries":0,"queueWaitTotalMs":16496830,"queueWaitMaxMs":77233,"fabricTotalMs":1195534,"fabricMaxMs":5013,"totalTotalMs":16664011,"totalMaxMs":79509,"queueLengthTotal":1873755,"queueLengthSamples":4530,"queueLengthMax":500,"active":0,"lockedKeys":0,"queueLength":0,"queueWaitAvgMs":7283.368653421634,"fabricAvgMs":608.1047812817905,"totalAvgMs":8476.099186164802,"queueLengthAvg":413.6324503311258}