{"received":10000,"accepted":2895,"rejected":7105,"succeeded":1971,"failed":0,"mvccFailures":0,"transientRetries":0,"queueWaitTotalMs":5992536,"queueWaitMaxMs":4998,"fabricTotalMs":767614,"fabricMaxMs":2336,"totalTotalMs":6760150,"totalMaxMs":7236,"queueLengthTotal":2504353,"queueLengthSamples":5790,"queueLengthMax":500,"queueTimeouts":924,"active":0,"lockedKeys":0,"queueLength":0,"queueWaitAvgMs":3040.353120243531,"fabricAvgMs":389.4540842212075,"totalAvgMs":3429.807204464739,"queueLengthAvg":432.53074265975823}