{"received":6000,"accepted":4432,"rejected":1568,"succeeded":4432,"failed":0,"mvccFailures":0,"transientRetries":0,"queueWaitTotalMs":9460057,"queueWaitMaxMs":21172,"fabricTotalMs":702488,"fabricMaxMs":2093,"totalTotalMs":10162545,"totalMaxMs":23239,"queueLengthTotal":3717792,"queueLengthSamples":8864,"queueLengthMax":509,"readyChecks":1519754,"conflictBlocked":1471038,"dependencyWindows":6726,"drtSelected":4432,"dependencyEdges":9660,"reorderedBypassed":457900,"active":0,"activeReadKeys":0,"waiting":0,"activeWriteKeys":0,"queuedTasks":0,"queueWaitAvgMs":2134.489395306859,"fabricAvgMs":158.50361010830323,"totalAvgMs":2292.9930054151623,"queueLengthAvg":419.42599277978337}