{"received":10000,"accepted":4822,"rejected":5178,"succeeded":4822,"failed":0,"mvccFailures":0,"transientRetries":0,"queueWaitTotalMs":10056451,"queueWaitMaxMs":14245,"fabricTotalMs":676893,"fabricMaxMs":2065,"totalTotalMs":10733344,"totalMaxMs":14737,"queueLengthTotal":4311108,"queueLengthSamples":9644,"queueLengthMax":511,"readyChecks":1842656,"conflictBlocked":1781366,"dependencyWindows":7751,"drtSelected":4822,"dependencyEdges":9342,"reorderedBypassed":488839,"active":0,"activeReadKeys":0,"waiting":0,"activeWriteKeys":0,"queuedTasks":0,"queueWaitAvgMs":2085.5352550808793,"fabricAvgMs":140.37598506843634,"totalAvgMs":2225.9112401493157,"queueLengthAvg":447.02488593944423}