{"received":10000,"accepted":4866,"rejected":5134,"succeeded":4866,"failed":0,"mvccFailures":0,"transientRetries":0,"queueWaitTotalMs":10166737,"queueWaitMaxMs":20834,"fabricTotalMs":728826,"fabricMaxMs":2108,"totalTotalMs":10895563,"totalMaxMs":22891,"queueLengthTotal":4319191,"queueLengthSamples":9732,"queueLengthMax":514,"readyChecks":1801018,"conflictBlocked":1743387,"dependencyWindows":7738,"drtSelected":4866,"dependencyEdges":8716,"reorderedBypassed":501454,"active":0,"activeReadKeys":0,"waiting":0,"activeWriteKeys":0,"queuedTasks":0,"queueWaitAvgMs":2089.3417591450884,"fabricAvgMs":149.77928483353884,"totalAvgMs":2239.1210439786273,"queueLengthAvg":443.81329634196464}