{"received":6000,"accepted":2806,"rejected":3194,"succeeded":1979,"failed":0,"mvccFailures":0,"transientRetries":0,"queueWaitTotalMs":6082989,"queueWaitMaxMs":4999,"fabricTotalMs":779657,"fabricMaxMs":2296,"totalTotalMs":6862646,"totalMaxMs":7227,"queueLengthTotal":2367122,"queueLengthSamples":5612,"queueLengthMax":500,"queueTimeouts":827,"active":0,"lockedKeys":0,"queueLength":0,"queueWaitAvgMs":3073.769075290551,"fabricAvgMs":393.96513390601314,"totalAvgMs":3467.734209196564,"queueLengthAvg":421.79650748396296}