{"received":10000,"accepted":4388,"rejected":5612,"succeeded":4388,"failed":0,"mvccFailures":0,"transientRetries":0,"queueWaitTotalMs":10127038,"queueWaitMaxMs":16411,"fabricTotalMs":700398,"fabricMaxMs":2084,"totalTotalMs":10827436,"totalMaxMs":16941,"queueLengthTotal":3865156,"queueLengthSamples":8776,"queueLengthMax":513,"readyChecks":1617481,"conflictBlocked":1559348,"dependencyWindows":6955,"drtSelected":4388,"dependencyEdges":8964,"reorderedBypassed":456122,"active":0,"activeReadKeys":0,"waiting":0,"activeWriteKeys":0,"queuedTasks":0,"queueWaitAvgMs":2307.893801276208,"fabricAvgMs":159.61668185961713,"totalAvgMs":2467.510483135825,"queueLengthAvg":440.4234275296263}