{"received":6000,"accepted":4986,"rejected":1014,"succeeded":4986,"failed":0,"mvccFailures":0,"transientRetries":0,"queueWaitTotalMs":8853046,"queueWaitMaxMs":16257,"fabricTotalMs":641643,"fabricMaxMs":2055,"totalTotalMs":9494689,"totalMaxMs":16382,"queueLengthTotal":3996134,"queueLengthSamples":9972,"queueLengthMax":509,"readyChecks":1825060,"conflictBlocked":1765979,"dependencyWindows":8237,"drtSelected":4986,"dependencyEdges":10756,"reorderedBypassed":507255,"active":0,"activeReadKeys":0,"waiting":0,"activeWriteKeys":0,"queuedTasks":0,"queueWaitAvgMs":1775.5808263136782,"fabricAvgMs":128.68892900120338,"totalAvgMs":1904.2697553148816,"queueLengthAvg":400.7354592860008}