{"received":6000,"accepted":2863,"rejected":3137,"succeeded":2038,"failed":0,"mvccFailures":0,"transientRetries":0,"queueWaitTotalMs":6144674,"queueWaitMaxMs":4999,"fabricTotalMs":781667,"fabricMaxMs":2310,"totalTotalMs":6926341,"totalMaxMs":6726,"queueLengthTotal":2426900,"queueLengthSamples":5726,"queueLengthMax":501,"queueTimeouts":825,"active":0,"lockedKeys":0,"queueLength":0,"queueWaitAvgMs":3015.0510304219824,"fabricAvgMs":383.54612365063787,"totalAvgMs":3398.59715407262,"queueLengthAvg":423.83863080684597}