{"received":6000,"accepted":4932,"rejected":1068,"succeeded":4932,"failed":0,"mvccFailures":0,"transientRetries":0,"queueWaitTotalMs":8933345,"queueWaitMaxMs":17060,"fabricTotalMs":677958,"fabricMaxMs":2073,"totalTotalMs":9611303,"totalMaxMs":17158,"queueLengthTotal":3961218,"queueLengthSamples":9864,"queueLengthMax":509,"readyChecks":1712540,"conflictBlocked":1643583,"dependencyWindows":7844,"drtSelected":4932,"dependencyEdges":10553,"reorderedBypassed":495735,"active":0,"activeReadKeys":0,"waiting":0,"activeWriteKeys":0,"queuedTasks":0,"queueWaitAvgMs":1811.3027169505272,"fabricAvgMs":137.4610705596107,"totalAvgMs":1948.763787510138,"queueLengthAvg":401.5833333333333}