{"received":6000,"accepted":2863,"rejected":3137,"succeeded":2018,"failed":0,"mvccFailures":0,"transientRetries":0,"queueWaitTotalMs":6026758,"queueWaitMaxMs":4990,"fabricTotalMs":781731,"fabricMaxMs":2299,"totalTotalMs":6808489,"totalMaxMs":7163,"queueLengthTotal":2415781,"queueLengthSamples":5726,"queueLengthMax":500,"queueTimeouts":845,"active":0,"lockedKeys":0,"queueLength":0,"queueWaitAvgMs":2986.5004955401387,"fabricAvgMs":387.3790882061447,"totalAvgMs":3373.8795837462835,"queueLengthAvg":421.8967865874956}