{"received":10000,"accepted":2863,"rejected":7137,"succeeded":1936,"failed":0,"mvccFailures":0,"transientRetries":0,"queueWaitTotalMs":5848889,"queueWaitMaxMs":4997,"fabricTotalMs":767615,"fabricMaxMs":2351,"totalTotalMs":6616504,"totalMaxMs":7231,"queueLengthTotal":2470736,"queueLengthSamples":5726,"queueLengthMax":500,"queueTimeouts":927,"active":0,"lockedKeys":0,"queueLength":0,"queueWaitAvgMs":3021.1203512396696,"fabricAvgMs":396.49535123966945,"totalAvgMs":3417.615702479339,"queueLengthAvg":431.4942368145302}