{"received":6000,"accepted":4562,"rejected":1438,"succeeded":4562,"failed":0,"mvccFailures":0,"transientRetries":0,"queueWaitTotalMs":9003911,"queueWaitMaxMs":16327,"fabricTotalMs":672187,"fabricMaxMs":2078,"totalTotalMs":9676098,"totalMaxMs":16376,"queueLengthTotal":3615084,"queueLengthSamples":9124,"queueLengthMax":509,"readyChecks":1643178,"conflictBlocked":1582552,"dependencyWindows":7587,"drtSelected":4562,"dependencyEdges":9376,"reorderedBypassed":452212,"active":0,"activeReadKeys":0,"waiting":0,"activeWriteKeys":0,"queuedTasks":0,"queueWaitAvgMs":1973.6762384918895,"fabricAvgMs":147.34480491012712,"totalAvgMs":2121.021043402017,"queueLengthAvg":396.2170100832968}