{"received":10000,"accepted":4499,"rejected":5501,"succeeded":4499,"failed":0,"mvccFailures":0,"transientRetries":0,"queueWaitTotalMs":10150682,"queueWaitMaxMs":16472,"fabricTotalMs":695278,"fabricMaxMs":2099,"totalTotalMs":10845960,"totalMaxMs":18501,"queueLengthTotal":3999733,"queueLengthSamples":8998,"queueLengthMax":511,"readyChecks":1649961,"conflictBlocked":1591969,"dependencyWindows":7060,"drtSelected":4499,"dependencyEdges":7992,"reorderedBypassed":472506,"active":0,"activeReadKeys":0,"waiting":0,"activeWriteKeys":0,"queuedTasks":0,"queueWaitAvgMs":2256.208490775728,"fabricAvgMs":154.54056456990443,"totalAvgMs":2410.7490553456323,"queueLengthAvg":444.5135585685708}