{"received":10000,"accepted":4547,"rejected":5453,"succeeded":4547,"failed":0,"mvccFailures":0,"transientRetries":0,"queueWaitTotalMs":10134004,"queueWaitMaxMs":15123,"fabricTotalMs":702493,"fabricMaxMs":2082,"totalTotalMs":10836497,"totalMaxMs":16764,"queueLengthTotal":4040979,"queueLengthSamples":9094,"queueLengthMax":510,"readyChecks":1584168,"conflictBlocked":1528081,"dependencyWindows":6807,"drtSelected":4547,"dependencyEdges":8932,"reorderedBypassed":474597,"active":0,"activeReadKeys":0,"waiting":0,"activeWriteKeys":0,"queuedTasks":0,"queueWaitAvgMs":2228.723114141192,"fabricAvgMs":154.49593138332966,"totalAvgMs":2383.219045524522,"queueLengthAvg":444.356608753024}