{"received":10000,"accepted":4902,"rejected":5098,"succeeded":4902,"failed":0,"mvccFailures":0,"transientRetries":0,"queueWaitTotalMs":10090919,"queueWaitMaxMs":17014,"fabricTotalMs":691370,"fabricMaxMs":2057,"totalTotalMs":10782289,"totalMaxMs":19045,"queueLengthTotal":4389063,"queueLengthSamples":9804,"queueLengthMax":513,"readyChecks":1929647,"conflictBlocked":1866269,"dependencyWindows":8222,"drtSelected":4902,"dependencyEdges":10679,"reorderedBypassed":490510,"active":0,"activeReadKeys":0,"waiting":0,"activeWriteKeys":0,"queuedTasks":0,"queueWaitAvgMs":2058.531007751938,"fabricAvgMs":141.03835169318646,"totalAvgMs":2199.5693594451245,"queueLengthAvg":447.68084455324356}