{"received":10000,"accepted":4878,"rejected":5122,"succeeded":4878,"failed":0,"mvccFailures":0,"transientRetries":0,"queueWaitTotalMs":10016828,"queueWaitMaxMs":17003,"fabricTotalMs":667688,"fabricMaxMs":2093,"totalTotalMs":10684516,"totalMaxMs":17059,"queueLengthTotal":4351703,"queueLengthSamples":9756,"queueLengthMax":510,"readyChecks":1889415,"conflictBlocked":1835454,"dependencyWindows":8052,"drtSelected":4878,"dependencyEdges":8009,"reorderedBypassed":499691,"active":0,"activeReadKeys":0,"waiting":0,"activeWriteKeys":0,"queuedTasks":0,"queueWaitAvgMs":2053.4702747027472,"fabricAvgMs":136.87740877408774,"totalAvgMs":2190.347683476835,"queueLengthAvg":446.0540180401804}