{"received":10000,"accepted":2883,"rejected":7117,"succeeded":1967,"failed":0,"mvccFailures":0,"transientRetries":0,"queueWaitTotalMs":5946613,"queueWaitMaxMs":4998,"fabricTotalMs":770769,"fabricMaxMs":2312,"totalTotalMs":6717382,"totalMaxMs":7114,"queueLengthTotal":2493833,"queueLengthSamples":5766,"queueLengthMax":500,"queueTimeouts":916,"active":0,"lockedKeys":0,"queueLength":0,"queueWaitAvgMs":3023.189120488053,"fabricAvgMs":391.85002541942043,"totalAvgMs":3415.039145907473,"queueLengthAvg":432.50659035726676}