{"received":6000,"accepted":2791,"rejected":3209,"succeeded":1946,"failed":0,"mvccFailures":0,"transientRetries":0,"queueWaitTotalMs":6032131,"queueWaitMaxMs":4983,"fabricTotalMs":781759,"fabricMaxMs":2302,"totalTotalMs":6813890,"totalMaxMs":7235,"queueLengthTotal":2363470,"queueLengthSamples":5582,"queueLengthMax":500,"queueTimeouts":845,"active":0,"lockedKeys":0,"queueLength":0,"queueWaitAvgMs":3099.7589928057555,"fabricAvgMs":401.7261048304214,"totalAvgMs":3501.4850976361768,"queueLengthAvg":423.4091723396632}