{"received":10000,"accepted":4879,"rejected":5121,"succeeded":4879,"failed":0,"mvccFailures":0,"transientRetries":0,"queueWaitTotalMs":10081992,"queueWaitMaxMs":16663,"fabricTotalMs":712914,"fabricMaxMs":2086,"totalTotalMs":10794906,"totalMaxMs":18749,"queueLengthTotal":4338830,"queueLengthSamples":9758,"queueLengthMax":513,"readyChecks":1778330,"conflictBlocked":1720776,"dependencyWindows":7641,"drtSelected":4879,"dependencyEdges":10670,"reorderedBypassed":495904,"active":0,"activeReadKeys":0,"waiting":0,"activeWriteKeys":0,"queuedTasks":0,"queueWaitAvgMs":2066.4054109448657,"fabricAvgMs":146.1188768190203,"totalAvgMs":2212.524287763886,"queueLengthAvg":444.6433695429391}