{"received":6000,"accepted":2867,"rejected":3133,"succeeded":2009,"failed":0,"mvccFailures":0,"transientRetries":0,"queueWaitTotalMs":5970848,"queueWaitMaxMs":4997,"fabricTotalMs":783149,"fabricMaxMs":2359,"totalTotalMs":6753997,"totalMaxMs":7288,"queueLengthTotal":2419454,"queueLengthSamples":5734,"queueLengthMax":501,"queueTimeouts":858,"active":0,"lockedKeys":0,"queueLength":0,"queueWaitAvgMs":2972.0497760079643,"fabricAvgMs":389.8203086112494,"totalAvgMs":3361.8700846192137,"queueLengthAvg":421.9487268922218}