{"received":10000,"accepted":2810,"rejected":7190,"succeeded":1909,"failed":0,"mvccFailures":0,"transientRetries":0,"queueWaitTotalMs":5966583,"queueWaitMaxMs":4992,"fabricTotalMs":769838,"fabricMaxMs":2386,"totalTotalMs":6736421,"totalMaxMs":7346,"queueLengthTotal":2421156,"queueLengthSamples":5620,"queueLengthMax":500,"queueTimeouts":901,"active":0,"lockedKeys":0,"queueLength":0,"queueWaitAvgMs":3125.5018334206393,"fabricAvgMs":403.2676794133054,"totalAvgMs":3528.7695128339446,"queueLengthAvg":430.8106761565836}