{"received":10000,"accepted":3030,"rejected":6970,"succeeded":2186,"failed":0,"mvccFailures":0,"transientRetries":0,"queueWaitTotalMs":6445223,"queueWaitMaxMs":4999,"fabricTotalMs":774053,"fabricMaxMs":2299,"totalTotalMs":7219276,"totalMaxMs":7204,"queueLengthTotal":2674984,"queueLengthSamples":6060,"queueLengthMax":500,"queueTimeouts":844,"active":0,"lockedKeys":0,"queueLength":0,"queueWaitAvgMs":2948.4094236047576,"fabricAvgMs":354.09560841720037,"totalAvgMs":3302.505032021958,"queueLengthAvg":441.416501650165}