{"received":6000,"accepted":2908,"rejected":3092,"succeeded":2049,"failed":0,"mvccFailures":0,"transientRetries":0,"queueWaitTotalMs":5993903,"queueWaitMaxMs":4996,"fabricTotalMs":783664,"fabricMaxMs":2304,"totalTotalMs":6777567,"totalMaxMs":7294,"queueLengthTotal":2465150,"queueLengthSamples":5816,"queueLengthMax":500,"queueTimeouts":859,"active":0,"lockedKeys":0,"queueLength":0,"queueWaitAvgMs":2925.2820888238166,"fabricAvgMs":382.4616886285993,"totalAvgMs":3307.743777452416,"queueLengthAvg":423.85660247592847}