{"received":6000,"accepted":4947,"rejected":1053,"succeeded":4947,"failed":0,"mvccFailures":0,"transientRetries":0,"queueWaitTotalMs":8755629,"queueWaitMaxMs":16054,"fabricTotalMs":662554,"fabricMaxMs":2115,"totalTotalMs":9418183,"totalMaxMs":16197,"queueLengthTotal":3900739,"queueLengthSamples":9894,"queueLengthMax":510,"readyChecks":1730474,"conflictBlocked":1658913,"dependencyWindows":8040,"drtSelected":4947,"dependencyEdges":11683,"reorderedBypassed":468442,"active":0,"activeReadKeys":0,"waiting":0,"activeWriteKeys":0,"queuedTasks":0,"queueWaitAvgMs":1769.8865979381444,"fabricAvgMs":133.9304629068122,"totalAvgMs":1903.8170608449566,"queueLengthAvg":394.25298160501313}