{"received":6000,"accepted":3032,"rejected":2968,"succeeded":2225,"failed":0,"mvccFailures":0,"transientRetries":0,"queueWaitTotalMs":6268832,"queueWaitMaxMs":4994,"fabricTotalMs":774676,"fabricMaxMs":2312,"totalTotalMs":7043508,"totalMaxMs":7192,"queueLengthTotal":2627259,"queueLengthSamples":6064,"queueLengthMax":500,"queueTimeouts":807,"active":0,"lockedKeys":0,"queueLength":0,"queueWaitAvgMs":2817.452584269663,"fabricAvgMs":348.16898876404497,"totalAvgMs":3165.621573033708,"queueLengthAvg":433.2551121372032}