{"received":10000,"accepted":2876,"rejected":7124,"succeeded":1939,"failed":0,"mvccFailures":0,"transientRetries":0,"queueWaitTotalMs":5835488,"queueWaitMaxMs":4985,"fabricTotalMs":774893,"fabricMaxMs":2312,"totalTotalMs":6610381,"totalMaxMs":6977,"queueLengthTotal":2484993,"queueLengthSamples":5752,"queueLengthMax":500,"queueTimeouts":937,"active":0,"lockedKeys":0,"queueLength":0,"queueWaitAvgMs":3009.5348117586386,"fabricAvgMs":399.63537906137185,"totalAvgMs":3409.1701908200102,"queueLengthAvg":432.02242698191935}