{"received":10000,"accepted":2835,"rejected":7165,"succeeded":1915,"failed":0,"mvccFailures":0,"transientRetries":0,"queueWaitTotalMs":5928684,"queueWaitMaxMs":4998,"fabricTotalMs":777217,"fabricMaxMs":2318,"totalTotalMs":6705901,"totalMaxMs":7004,"queueLengthTotal":2444840,"queueLengthSamples":5670,"queueLengthMax":500,"queueTimeouts":920,"active":0,"lockedKeys":0,"queueLength":0,"queueWaitAvgMs":3095.9185378590078,"fabricAvgMs":405.8574412532637,"totalAvgMs":3501.7759791122717,"queueLengthAvg":431.1887125220459}