{"received":6000,"accepted":4902,"rejected":1098,"succeeded":4902,"failed":0,"mvccFailures":0,"transientRetries":0,"queueWaitTotalMs":8892358,"queueWaitMaxMs":16525,"fabricTotalMs":660992,"fabricMaxMs":2067,"totalTotalMs":9553350,"totalMaxMs":16573,"queueLengthTotal":3918110,"queueLengthSamples":9804,"queueLengthMax":509,"readyChecks":1623434,"conflictBlocked":1558064,"dependencyWindows":7491,"drtSelected":4902,"dependencyEdges":10556,"reorderedBypassed":507450,"active":0,"activeReadKeys":0,"waiting":0,"activeWriteKeys":0,"queuedTasks":0,"queueWaitAvgMs":1814.0265197878416,"fabricAvgMs":134.84128926968583,"totalAvgMs":1948.8678090575274,"queueLengthAvg":399.6440228478172}