{"received":10000,"accepted":2866,"rejected":7134,"succeeded":1966,"failed":0,"mvccFailures":0,"transientRetries":0,"queueWaitTotalMs":5985526,"queueWaitMaxMs":4996,"fabricTotalMs":770433,"fabricMaxMs":2299,"totalTotalMs":6755959,"totalMaxMs":7124,"queueLengthTotal":2476999,"queueLengthSamples":5732,"queueLengthMax":500,"queueTimeouts":900,"active":0,"lockedKeys":0,"queueLength":0,"queueWaitAvgMs":3044.5198372329605,"fabricAvgMs":391.87843336724313,"totalAvgMs":3436.3982706002034,"queueLengthAvg":432.13520586182835}