{"received":10000,"accepted":2873,"rejected":7127,"succeeded":1928,"failed":0,"mvccFailures":0,"transientRetries":0,"queueWaitTotalMs":5745483,"queueWaitMaxMs":4999,"fabricTotalMs":774138,"fabricMaxMs":2301,"totalTotalMs":6519621,"totalMaxMs":7296,"queueLengthTotal":2483139,"queueLengthSamples":5746,"queueLengthMax":500,"queueTimeouts":945,"active":0,"lockedKeys":0,"queueLength":0,"queueWaitAvgMs":2980.022302904564,"fabricAvgMs":401.52385892116183,"totalAvgMs":3381.5461618257264,"queueLengthAvg":432.1508875739645}