{"received":6000,"accepted":4922,"rejected":1078,"succeeded":4922,"failed":0,"mvccFailures":0,"transientRetries":0,"queueWaitTotalMs":8792511,"queueWaitMaxMs":14522,"fabricTotalMs":661042,"fabricMaxMs":2054,"totalTotalMs":9453553,"totalMaxMs":14662,"queueLengthTotal":3871288,"queueLengthSamples":9844,"queueLengthMax":507,"readyChecks":1603293,"conflictBlocked":1536016,"dependencyWindows":7543,"drtSelected":4922,"dependencyEdges":10219,"reorderedBypassed":482441,"active":0,"activeReadKeys":0,"waiting":0,"activeWriteKeys":0,"queuedTasks":0,"queueWaitAvgMs":1786.3695652173913,"fabricAvgMs":134.3035351483137,"totalAvgMs":1920.673100365705,"queueLengthAvg":393.2637139374238}