{"received":6000,"accepted":2788,"rejected":3212,"succeeded":1964,"failed":0,"mvccFailures":0,"transientRetries":0,"queueWaitTotalMs":6094814,"queueWaitMaxMs":4984,"fabricTotalMs":772740,"fabricMaxMs":2313,"totalTotalMs":6867554,"totalMaxMs":7049,"queueLengthTotal":2348835,"queueLengthSamples":5576,"queueLengthMax":500,"queueTimeouts":824,"active":0,"lockedKeys":0,"queueLength":0,"queueWaitAvgMs":3103.265784114053,"fabricAvgMs":393.4521384928717,"totalAvgMs":3496.7179226069247,"queueLengthAvg":421.2401362984218}