{"received":10000,"accepted":4842,"rejected":5158,"succeeded":4842,"failed":0,"mvccFailures":0,"transientRetries":0,"queueWaitTotalMs":10147812,"queueWaitMaxMs":20116,"fabricTotalMs":701005,"fabricMaxMs":2070,"totalTotalMs":10848817,"totalMaxMs":22186,"queueLengthTotal":4327870,"queueLengthSamples":9684,"queueLengthMax":510,"readyChecks":1783431,"conflictBlocked":1729308,"dependencyWindows":7524,"drtSelected":4842,"dependencyEdges":9456,"reorderedBypassed":501442,"active":0,"activeReadKeys":0,"waiting":0,"activeWriteKeys":0,"queuedTasks":0,"queueWaitAvgMs":2095.789343246592,"fabricAvgMs":144.7759190417183,"totalAvgMs":2240.565262288311,"queueLengthAvg":446.9093349855432}