{"received":6000,"accepted":4872,"rejected":1128,"succeeded":4872,"failed":0,"mvccFailures":0,"transientRetries":0,"queueWaitTotalMs":9040385,"queueWaitMaxMs":17548,"fabricTotalMs":690913,"fabricMaxMs":2118,"totalTotalMs":9731298,"totalMaxMs":17725,"queueLengthTotal":3852390,"queueLengthSamples":9744,"queueLengthMax":509,"readyChecks":1638730,"conflictBlocked":1574842,"dependencyWindows":7630,"drtSelected":4872,"dependencyEdges":11478,"reorderedBypassed":475704,"active":0,"activeReadKeys":0,"waiting":0,"activeWriteKeys":0,"queuedTasks":0,"queueWaitAvgMs":1855.5798440065682,"fabricAvgMs":141.813013136289,"totalAvgMs":1997.392857142857,"queueLengthAvg":395.36022167487687}