{"received":10000,"accepted":4892,"rejected":5108,"succeeded":4892,"failed":0,"mvccFailures":0,"transientRetries":0,"queueWaitTotalMs":10001422,"queueWaitMaxMs":14039,"fabricTotalMs":679112,"fabricMaxMs":2089,"totalTotalMs":10680534,"totalMaxMs":16088,"queueLengthTotal":4357764,"queueLengthSamples":9784,"queueLengthMax":509,"readyChecks":1839244,"conflictBlocked":1776751,"dependencyWindows":7816,"drtSelected":4892,"dependencyEdges":8931,"reorderedBypassed":500076,"active":0,"activeReadKeys":0,"waiting":0,"activeWriteKeys":0,"queuedTasks":0,"queueWaitAvgMs":2044.4443990188063,"fabricAvgMs":138.8209321340965,"totalAvgMs":2183.2653311529025,"queueLengthAvg":445.3969746524939}