{"received":6000,"accepted":2878,"rejected":3122,"succeeded":2047,"failed":0,"mvccFailures":0,"transientRetries":0,"queueWaitTotalMs":6070154,"queueWaitMaxMs":4998,"fabricTotalMs":781775,"fabricMaxMs":2299,"totalTotalMs":6851929,"totalMaxMs":6982,"queueLengthTotal":2441506,"queueLengthSamples":5756,"queueLengthMax":501,"queueTimeouts":831,"active":0,"lockedKeys":0,"queueLength":0,"queueWaitAvgMs":2965.390327308256,"fabricAvgMs":381.9125549584758,"totalAvgMs":3347.302882266732,"queueLengthAvg":424.1671299513551}