{"received":10000,"accepted":2846,"rejected":7154,"succeeded":1927,"failed":0,"mvccFailures":0,"transientRetries":0,"queueWaitTotalMs":5926476,"queueWaitMaxMs":4994,"fabricTotalMs":764454,"fabricMaxMs":2295,"totalTotalMs":6690930,"totalMaxMs":6880,"queueLengthTotal":2456127,"queueLengthSamples":5692,"queueLengthMax":500,"queueTimeouts":919,"active":0,"lockedKeys":0,"queueLength":0,"queueWaitAvgMs":3075.4935132330047,"fabricAvgMs":396.7067981318111,"totalAvgMs":3472.2003113648157,"queueLengthAvg":431.50509486999294}