{"received":6000,"accepted":2870,"rejected":3130,"succeeded":2019,"failed":0,"mvccFailures":0,"transientRetries":0,"queueWaitTotalMs":5953925,"queueWaitMaxMs":4998,"fabricTotalMs":780835,"fabricMaxMs":2336,"totalTotalMs":6734760,"totalMaxMs":7073,"queueLengthTotal":2424656,"queueLengthSamples":5740,"queueLengthMax":500,"queueTimeouts":851,"active":0,"lockedKeys":0,"queueLength":0,"queueWaitAvgMs":2948.947498761763,"fabricAvgMs":386.7434373452204,"totalAvgMs":3335.690936106984,"queueLengthAvg":422.41393728222994}