{"received":6000,"accepted":4973,"rejected":1027,"succeeded":4973,"failed":0,"mvccFailures":0,"transientRetries":0,"queueWaitTotalMs":8877890,"queueWaitMaxMs":19651,"fabricTotalMs":658890,"fabricMaxMs":2066,"totalTotalMs":9536780,"totalMaxMs":21702,"queueLengthTotal":3963479,"queueLengthSamples":9946,"queueLengthMax":511,"readyChecks":1742887,"conflictBlocked":1677109,"dependencyWindows":7959,"drtSelected":4973,"dependencyEdges":10963,"reorderedBypassed":483221,"active":0,"activeReadKeys":0,"waiting":0,"activeWriteKeys":0,"queuedTasks":0,"queueWaitAvgMs":1785.2181781620752,"fabricAvgMs":132.49346470943092,"totalAvgMs":1917.7116428715062,"queueLengthAvg":398.49979891413636}