{"received":6000,"accepted":4895,"rejected":1105,"succeeded":4895,"failed":0,"mvccFailures":0,"transientRetries":0,"queueWaitTotalMs":8910617,"queueWaitMaxMs":14888,"fabricTotalMs":656144,"fabricMaxMs":2078,"totalTotalMs":9566761,"totalMaxMs":15034,"queueLengthTotal":3937746,"queueLengthSamples":9790,"queueLengthMax":509,"readyChecks":1767898,"conflictBlocked":1695776,"dependencyWindows":8135,"drtSelected":4895,"dependencyEdges":11874,"reorderedBypassed":481965,"active":0,"activeReadKeys":0,"waiting":0,"activeWriteKeys":0,"queuedTasks":0,"queueWaitAvgMs":1820.3507660878447,"fabricAvgMs":134.04371807967314,"totalAvgMs":1954.394484167518,"queueLengthAvg":402.2212461695608}