{"received":6000,"accepted":2042,"rejected":3958,"succeeded":2042,"failed":0,"mvccFailures":0,"transientRetries":0,"queueWaitTotalMs":10867237,"queueWaitMaxMs":8909,"fabricTotalMs":840103,"fabricMaxMs":2278,"totalTotalMs":11707340,"totalMaxMs":9284,"queueLengthTotal":1654814,"queueLengthSamples":4084,"queueLengthMax":500,"active":0,"lockedKeys":0,"queueLength":0,"queueWaitAvgMs":5321.859451518119,"fabricAvgMs":411.41185112634673,"totalAvgMs":5733.271302644466,"queueLengthAvg":405.19441723800196}