{"received":6000,"accepted":1872,"rejected":4128,"succeeded":1872,"failed":0,"mvccFailures":0,"transientRetries":0,"queueWaitTotalMs":40084176,"queueWaitMaxMs":201170,"fabricTotalMs":1518946,"fabricMaxMs":2376,"totalTotalMs":41603122,"totalMaxMs":203477,"queueLengthTotal":1515513,"queueLengthSamples":3744,"queueLengthMax":519,"active":0,"lockedKeys":0,"queueLength":0,"queueWaitAvgMs":21412.48717948718,"fabricAvgMs":811.4027777777778,"totalAvgMs":22223.889957264957,"queueLengthAvg":404.78445512820514}