{"received":6000,"accepted":1902,"rejected":4098,"succeeded":1902,"failed":0,"mvccFailures":0,"transientRetries":0,"queueWaitTotalMs":44840159,"queueWaitMaxMs":222031,"fabricTotalMs":1572641,"fabricMaxMs":2363,"totalTotalMs":46412800,"totalMaxMs":224307,"queueLengthTotal":1552352,"queueLengthSamples":3804,"queueLengthMax":518,"active":0,"lockedKeys":0,"queueLength":0,"queueWaitAvgMs":23575.267613038908,"fabricAvgMs":826.835436382755,"totalAvgMs":24402.10304942166,"queueLengthAvg":408.08412197686647}