{"received":6000,"accepted":2144,"rejected":3856,"succeeded":2066,"failed":78,"mvccFailures":78,"transientRetries":0,"queueWaitTotalMs":10845017,"queueWaitMaxMs":10085,"fabricTotalMs":929621,"fabricMaxMs":3780,"totalTotalMs":11372146,"totalMaxMs":12082,"queueLengthTotal":1736927,"queueLengthSamples":4288,"queueLengthMax":500,"active":0,"lockedKeys":0,"queueLength":0,"queueWaitAvgMs":5058.3101679104475,"fabricAvgMs":449.9617618586641,"totalAvgMs":5504.426911907067,"queueLengthAvg":405.06693097014926}