{"received":5998,"accepted":2796,"rejected":3202,"succeeded":1936,"failed":0,"mvccFailures":0,"transientRetries":0,"queueWaitTotalMs":5839996,"queueWaitMaxMs":4999,"fabricTotalMs":783182,"fabricMaxMs":2290,"totalTotalMs":6623178,"totalMaxMs":7172,"queueLengthTotal":2337548,"queueLengthSamples":5592,"queueLengthMax":500,"queueTimeouts":860,"active":0,"lockedKeys":0,"queueLength":0,"queueWaitAvgMs":3016.526859504132,"fabricAvgMs":404.5361570247934,"totalAvgMs":3421.063016528926,"queueLengthAvg":418.01645207439196}