{"received":6000,"accepted":5130,"rejected":870,"succeeded":5130,"failed":0,"mvccFailures":0,"transientRetries":0,"queueWaitTotalMs":8417755,"queueWaitMaxMs":16938,"fabricTotalMs":699211,"fabricMaxMs":2137,"totalTotalMs":9116966,"totalMaxMs":17039,"queueLengthTotal":3529977,"queueLengthSamples":10260,"queueLengthMax":507,"readyChecks":1713840,"conflictBlocked":1652788,"scdWindows":8604,"scdSelected":5130,"scdConflictEdges":10344,"scdBypassed":466597,"active":0,"activeReadKeys":0,"waiting":0,"activeWriteKeys":0,"queuedTasks":0,"queueWaitAvgMs":1640.8879142300195,"fabricAvgMs":136.29844054580897,"totalAvgMs":1777.1863547758285,"queueLengthAvg":344.0523391812865}