{"received":9993,"accepted":5076,"rejected":4917,"succeeded":5076,"failed":0,"mvccFailures":0,"transientRetries":0,"queueWaitTotalMs":10455255,"queueWaitMaxMs":19424,"fabricTotalMs":715763,"fabricMaxMs":2073,"totalTotalMs":11171018,"totalMaxMs":21450,"queueLengthTotal":4466432,"queueLengthSamples":10152,"queueLengthMax":511,"readyChecks":1812839,"conflictBlocked":1756552,"scdWindows":7839,"scdSelected":5076,"scdConflictEdges":11767,"scdBypassed":511506,"active":0,"activeReadKeys":0,"waiting":0,"activeWriteKeys":0,"queuedTasks":0,"queueWaitAvgMs":2059.7429078014184,"fabricAvgMs":141.00925925925927,"totalAvgMs":2200.7521670606775,"queueLengthAvg":439.9558707643814}