{"received":10000,"accepted":5463,"rejected":4537,"succeeded":5463,"failed":0,"mvccFailures":0,"transientRetries":0,"queueWaitTotalMs":10322345,"queueWaitMaxMs":29100,"fabricTotalMs":750158,"fabricMaxMs":4799,"totalTotalMs":11072503,"totalMaxMs":31122,"queueLengthTotal":4908396,"queueLengthSamples":10926,"queueLengthMax":511,"readyChecks":2192126,"conflictBlocked":2145228,"scdWindows":9179,"scdSelected":5463,"scdConflictEdges":9460,"scdBypassed":578108,"active":0,"activeReadKeys":0,"waiting":0,"activeWriteKeys":0,"queuedTasks":0,"queueWaitAvgMs":1889.5011898224418,"fabricAvgMs":137.31612667032766,"totalAvgMs":2026.8173164927696,"queueLengthAvg":449.2399780340472}