{"received":10000,"accepted":5412,"rejected":4588,"succeeded":5412,"failed":0,"mvccFailures":0,"transientRetries":0,"queueWaitTotalMs":9983880,"queueWaitMaxMs":16922,"fabricTotalMs":719324,"fabricMaxMs":4677,"totalTotalMs":10703204,"totalMaxMs":18951,"queueLengthTotal":4822514,"queueLengthSamples":10824,"queueLengthMax":508,"readyChecks":2035161,"conflictBlocked":1974665,"scdWindows":8588,"scdSelected":5412,"scdConflictEdges":10977,"scdBypassed":575230,"active":0,"activeReadKeys":0,"waiting":0,"activeWriteKeys":0,"queuedTasks":0,"queueWaitAvgMs":1844.7671840354767,"fabricAvgMs":132.91278640059127,"totalAvgMs":1977.679970436068,"queueLengthAvg":445.5389874353289}