{"received":6000,"accepted":2715,"rejected":3285,"succeeded":1947,"failed":0,"mvccFailures":0,"transientRetries":0,"queueWaitTotalMs":6061087,"queueWaitMaxMs":4992,"fabricTotalMs":782390,"fabricMaxMs":2324,"totalTotalMs":6843477,"totalMaxMs":6850,"queueLengthTotal":2270128,"queueLengthSamples":5430,"queueLengthMax":500,"queueTimeouts":768,"active":0,"lockedKeys":0,"queueLength":0,"queueWaitAvgMs":3113.039034411916,"fabricAvgMs":401.84386235233694,"totalAvgMs":3514.8828967642526,"queueLengthAvg":418.07145488029465}