{"received":10000,"accepted":2854,"rejected":7146,"succeeded":1978,"failed":0,"mvccFailures":0,"transientRetries":0,"queueWaitTotalMs":6179577,"queueWaitMaxMs":4999,"fabricTotalMs":813900,"fabricMaxMs":4039,"totalTotalMs":6993477,"totalMaxMs":8856,"queueLengthTotal":2465016,"queueLengthSamples":5708,"queueLengthMax":500,"queueTimeouts":876,"active":0,"lockedKeys":0,"queueLength":0,"queueWaitAvgMs":3124.154196157735,"fabricAvgMs":411.4762386248736,"totalAvgMs":3535.6304347826085,"queueLengthAvg":431.85283812193416}