{"received":6000,"accepted":5032,"rejected":968,"succeeded":5032,"failed":0,"mvccFailures":0,"transientRetries":0,"queueWaitTotalMs":8330485,"queueWaitMaxMs":17445,"fabricTotalMs":697667,"fabricMaxMs":2103,"totalTotalMs":9028152,"totalMaxMs":19488,"queueLengthTotal":3466838,"queueLengthSamples":10064,"queueLengthMax":508,"readyChecks":1721972,"conflictBlocked":1662898,"scdWindows":8452,"scdSelected":5032,"scdConflictEdges":10165,"scdBypassed":475866,"active":0,"activeReadKeys":0,"waiting":0,"activeWriteKeys":0,"queuedTasks":0,"queueWaitAvgMs":1655.501788553259,"fabricAvgMs":138.6460651828299,"totalAvgMs":1794.147853736089,"queueLengthAvg":344.47913354531}