{"received":6000,"accepted":4942,"rejected":1058,"succeeded":4942,"failed":0,"mvccFailures":0,"transientRetries":0,"queueWaitTotalMs":10253759,"queueWaitMaxMs":19593,"fabricTotalMs":724155,"fabricMaxMs":3146,"totalTotalMs":10977914,"totalMaxMs":19751,"queueLengthTotal":4279291,"queueLengthSamples":9884,"queueLengthMax":512,"readyChecks":1694763,"conflictBlocked":1623146,"scdWindows":7415,"scdSelected":4942,"scdConflictEdges":11807,"scdBypassed":505538,"active":0,"activeReadKeys":0,"waiting":0,"activeWriteKeys":0,"queuedTasks":0,"queueWaitAvgMs":2074.819708619992,"fabricAvgMs":146.53075677863214,"totalAvgMs":2221.3504653986242,"queueLengthAvg":432.9513354917038}