{"received":10000,"accepted":4802,"rejected":5198,"succeeded":4802,"failed":0,"mvccFailures":0,"transientRetries":0,"queueWaitTotalMs":10165097,"queueWaitMaxMs":27363,"fabricTotalMs":715081,"fabricMaxMs":3717,"totalTotalMs":10880178,"totalMaxMs":29404,"queueLengthTotal":4216378,"queueLengthSamples":9604,"queueLengthMax":509,"readyChecks":1971400,"conflictBlocked":1928406,"scdWindows":8454,"scdSelected":4802,"scdConflictEdges":7720,"scdBypassed":498565,"active":0,"activeReadKeys":0,"waiting":0,"activeWriteKeys":0,"queuedTasks":0,"queueWaitAvgMs":2116.8465222823825,"fabricAvgMs":148.9131611828405,"totalAvgMs":2265.7596834652227,"queueLengthAvg":439.0231153685964}