{"received":10000,"accepted":2756,"rejected":7244,"succeeded":1780,"failed":0,"mvccFailures":0,"transientRetries":0,"queueWaitTotalMs":5506686,"queueWaitMaxMs":4998,"fabricTotalMs":768449,"fabricMaxMs":3339,"totalTotalMs":6275135,"totalMaxMs":7799,"queueLengthTotal":2329192,"queueLengthSamples":5512,"queueLengthMax":500,"queueTimeouts":976,"active":0,"lockedKeys":0,"queueLength":0,"queueWaitAvgMs":3093.643820224719,"fabricAvgMs":431.7129213483146,"totalAvgMs":3525.3567415730336,"queueLengthAvg":422.56748911465894}