{"received":6000,"accepted":5512,"rejected":488,"succeeded":5512,"failed":0,"mvccFailures":0,"transientRetries":0,"queueWaitTotalMs":8072807,"queueWaitMaxMs":13208,"fabricTotalMs":686792,"fabricMaxMs":4670,"totalTotalMs":8759599,"totalMaxMs":13336,"queueLengthTotal":4035415,"queueLengthSamples":11024,"queueLengthMax":510,"readyChecks":1864029,"conflictBlocked":1786830,"scdWindows":8959,"scdSelected":5512,"scdConflictEdges":12101,"scdBypassed":514843,"active":0,"activeReadKeys":0,"waiting":0,"activeWriteKeys":0,"queuedTasks":0,"queueWaitAvgMs":1464.587626995646,"fabricAvgMs":124.59941944847606,"totalAvgMs":1589.187046444122,"queueLengthAvg":366.0572387518142}