{"received":6000,"accepted":2713,"rejected":3287,"succeeded":1858,"failed":0,"mvccFailures":0,"transientRetries":0,"queueWaitTotalMs":5525408,"queueWaitMaxMs":4999,"fabricTotalMs":780605,"fabricMaxMs":3207,"totalTotalMs":6306013,"totalMaxMs":6870,"queueLengthTotal":2227073,"queueLengthSamples":5426,"queueLengthMax":500,"queueTimeouts":855,"active":0,"lockedKeys":0,"queueLength":0,"queueWaitAvgMs":2973.8471474703983,"fabricAvgMs":420.1318622174381,"totalAvgMs":3393.9790096878364,"queueLengthAvg":410.4447106524143}