{"received":6000,"accepted":2835,"rejected":3165,"succeeded":1870,"failed":0,"mvccFailures":0,"transientRetries":0,"queueWaitTotalMs":5271052,"queueWaitMaxMs":4997,"fabricTotalMs":777027,"fabricMaxMs":3465,"totalTotalMs":6048079,"totalMaxMs":7987,"queueLengthTotal":2338290,"queueLengthSamples":5670,"queueLengthMax":500,"queueTimeouts":965,"active":0,"lockedKeys":0,"queueLength":0,"queueWaitAvgMs":2818.7443850267377,"fabricAvgMs":415.5224598930481,"totalAvgMs":3234.2668449197863,"queueLengthAvg":412.3968253968254}