{"received":10000,"accepted":4701,"rejected":5299,"succeeded":4701,"failed":0,"mvccFailures":0,"transientRetries":0,"queueWaitTotalMs":10043968,"queueWaitMaxMs":18188,"fabricTotalMs":692858,"fabricMaxMs":2068,"totalTotalMs":10736826,"totalMaxMs":19781,"queueLengthTotal":4123954,"queueLengthSamples":9402,"queueLengthMax":511,"readyChecks":1867926,"conflictBlocked":1814898,"scdWindows":8006,"scdSelected":4701,"scdConflictEdges":8289,"scdBypassed":487211,"active":0,"activeReadKeys":0,"waiting":0,"activeWriteKeys":0,"queuedTasks":0,"queueWaitAvgMs":2136.5598808764094,"fabricAvgMs":147.38523718357797,"totalAvgMs":2283.945118059987,"queueLengthAvg":438.62518613061053}