{"received":6000,"accepted":5282,"rejected":718,"succeeded":5282,"failed":0,"mvccFailures":0,"transientRetries":0,"queueWaitTotalMs":8357427,"queueWaitMaxMs":16797,"fabricTotalMs":725301,"fabricMaxMs":3028,"totalTotalMs":9082728,"totalMaxMs":18419,"queueLengthTotal":3466848,"queueLengthSamples":10564,"queueLengthMax":506,"readyChecks":1647825,"conflictBlocked":1584988,"scdWindows":8883,"scdSelected":5282,"scdConflictEdges":8361,"scdBypassed":483883,"active":0,"activeReadKeys":0,"waiting":0,"activeWriteKeys":0,"queuedTasks":0,"queueWaitAvgMs":1582.2466868610375,"fabricAvgMs":137.31560015145777,"totalAvgMs":1719.5622870124953,"queueLengthAvg":328.17569102612646}