{"received":6000,"accepted":4786,"rejected":1214,"succeeded":4786,"failed":0,"mvccFailures":0,"transientRetries":0,"queueWaitTotalMs":8317317,"queueWaitMaxMs":16374,"fabricTotalMs":638575,"fabricMaxMs":2060,"totalTotalMs":8955892,"totalMaxMs":16463,"queueLengthTotal":3497046,"queueLengthSamples":9572,"queueLengthMax":510,"readyChecks":1626324,"conflictBlocked":1560992,"scdWindows":7877,"scdSelected":4786,"scdConflictEdges":10380,"scdBypassed":452952,"active":0,"activeReadKeys":0,"waiting":0,"activeWriteKeys":0,"queuedTasks":0,"queueWaitAvgMs":1737.8430839949854,"fabricAvgMs":133.42561638111158,"totalAvgMs":1871.268700376097,"queueLengthAvg":365.3412035102382}