{"received":6000,"accepted":4802,"rejected":1198,"succeeded":4802,"failed":0,"mvccFailures":0,"transientRetries":0,"queueWaitTotalMs":8103154,"queueWaitMaxMs":17888,"fabricTotalMs":666631,"fabricMaxMs":2059,"totalTotalMs":8769785,"totalMaxMs":17982,"queueLengthTotal":3484627,"queueLengthSamples":9604,"queueLengthMax":510,"readyChecks":1592729,"conflictBlocked":1529176,"scdWindows":7828,"scdSelected":4802,"scdConflictEdges":10869,"scdBypassed":454312,"active":0,"activeReadKeys":0,"waiting":0,"activeWriteKeys":0,"queuedTasks":0,"queueWaitAvgMs":1687.453977509371,"fabricAvgMs":138.82361516034985,"totalAvgMs":1826.277592669721,"queueLengthAvg":362.8307996668055}