{"received":6000,"accepted":2743,"rejected":3257,"succeeded":1848,"failed":0,"mvccFailures":0,"transientRetries":0,"queueWaitTotalMs":5627441,"queueWaitMaxMs":4999,"fabricTotalMs":773477,"fabricMaxMs":3133,"totalTotalMs":6400918,"totalMaxMs":7201,"queueLengthTotal":2286282,"queueLengthSamples":5486,"queueLengthMax":500,"queueTimeouts":895,"active":0,"lockedKeys":0,"queueLength":0,"queueWaitAvgMs":3045.152056277056,"fabricAvgMs":418.54816017316017,"totalAvgMs":3463.7002164502164,"queueLengthAvg":416.74845060153115}