{"received":6000,"accepted":2871,"rejected":3129,"succeeded":2048,"failed":0,"mvccFailures":0,"transientRetries":0,"queueWaitTotalMs":6047185,"queueWaitMaxMs":4982,"fabricTotalMs":776312,"fabricMaxMs":2311,"totalTotalMs":6823497,"totalMaxMs":7140,"queueLengthTotal":2428442,"queueLengthSamples":5742,"queueLengthMax":500,"queueTimeouts":823,"active":0,"lockedKeys":0,"queueLength":0,"queueWaitAvgMs":2952.72705078125,"fabricAvgMs":379.05859375,"totalAvgMs":3331.78564453125,"queueLengthAvg":422.9261581330547}