{"received":10000,"accepted":2760,"rejected":7240,"succeeded":1788,"failed":0,"mvccFailures":0,"transientRetries":0,"queueWaitTotalMs":5368195,"queueWaitMaxMs":4993,"fabricTotalMs":778047,"fabricMaxMs":3357,"totalTotalMs":6146242,"totalMaxMs":7796,"queueLengthTotal":2311486,"queueLengthSamples":5520,"queueLengthMax":500,"queueTimeouts":972,"active":0,"lockedKeys":0,"queueLength":0,"queueWaitAvgMs":3002.346196868009,"fabricAvgMs":435.1493288590604,"totalAvgMs":3437.4955257270694,"queueLengthAvg":418.74746376811595}