{"received":9994,"accepted":4630,"rejected":5364,"succeeded":4630,"failed":0,"mvccFailures":0,"transientRetries":0,"queueWaitTotalMs":10035377,"queueWaitMaxMs":23003,"fabricTotalMs":695923,"fabricMaxMs":4690,"totalTotalMs":10731300,"totalMaxMs":25029,"queueLengthTotal":4063665,"queueLengthSamples":9260,"queueLengthMax":511,"readyChecks":1854350,"conflictBlocked":1807746,"scdWindows":7957,"scdSelected":4630,"scdConflictEdges":9293,"scdBypassed":464281,"active":0,"activeReadKeys":0,"waiting":0,"activeWriteKeys":0,"queuedTasks":0,"queueWaitAvgMs":2167.4680345572356,"fabricAvgMs":150.307343412527,"totalAvgMs":2317.7753779697623,"queueLengthAvg":438.84071274298054}