{"received":6000,"accepted":2857,"rejected":3143,"succeeded":1996,"failed":0,"mvccFailures":0,"transientRetries":0,"queueWaitTotalMs":5929771,"queueWaitMaxMs":4991,"fabricTotalMs":784513,"fabricMaxMs":2298,"totalTotalMs":6714284,"totalMaxMs":7208,"queueLengthTotal":2404808,"queueLengthSamples":5714,"queueLengthMax":500,"queueTimeouts":861,"active":0,"lockedKeys":0,"queueLength":0,"queueWaitAvgMs":2970.827154308617,"fabricAvgMs":393.04258517034066,"totalAvgMs":3363.869739478958,"queueLengthAvg":420.8624431221561}