{"received":10000,"accepted":2873,"rejected":7127,"succeeded":1866,"failed":0,"mvccFailures":0,"transientRetries":0,"queueWaitTotalMs":5565364,"queueWaitMaxMs":4996,"fabricTotalMs":806665,"fabricMaxMs":3342,"totalTotalMs":6372029,"totalMaxMs":7702,"queueLengthTotal":2427889,"queueLengthSamples":5746,"queueLengthMax":500,"queueTimeouts":1007,"active":0,"lockedKeys":0,"queueLength":0,"queueWaitAvgMs":2982.5101822079314,"fabricAvgMs":432.2963558413719,"totalAvgMs":3414.8065380493035,"queueLengthAvg":422.53550295857985}