{"received":6000,"accepted":2846,"rejected":3154,"succeeded":1840,"failed":0,"mvccFailures":0,"transientRetries":0,"queueWaitTotalMs":5384762,"queueWaitMaxMs":4999,"fabricTotalMs":812244,"fabricMaxMs":3733,"totalTotalMs":6197006,"totalMaxMs":8361,"queueLengthTotal":2323717,"queueLengthSamples":5692,"queueLengthMax":500,"queueTimeouts":1006,"active":0,"lockedKeys":0,"queueLength":0,"queueWaitAvgMs":2926.5010869565217,"fabricAvgMs":441.43695652173915,"totalAvgMs":3367.938043478261,"queueLengthAvg":408.2426212227688}