{"received":10000,"accepted":2742,"rejected":7258,"succeeded":1797,"failed":0,"mvccFailures":0,"transientRetries":0,"queueWaitTotalMs":5588827,"queueWaitMaxMs":4996,"fabricTotalMs":769843,"fabricMaxMs":3311,"totalTotalMs":6358670,"totalMaxMs":7260,"queueLengthTotal":2333966,"queueLengthSamples":5484,"queueLengthMax":500,"queueTimeouts":945,"active":0,"lockedKeys":0,"queueLength":0,"queueWaitAvgMs":3110.087367835281,"fabricAvgMs":428.4045631608236,"totalAvgMs":3538.4919309961047,"queueLengthAvg":425.59555069292486}