{"received":10000,"accepted":5562,"rejected":4438,"succeeded":5562,"failed":0,"mvccFailures":0,"transientRetries":0,"queueWaitTotalMs":10046321,"queueWaitMaxMs":17046,"fabricTotalMs":709725,"fabricMaxMs":3743,"totalTotalMs":10756046,"totalMaxMs":20558,"queueLengthTotal":4964576,"queueLengthSamples":11124,"queueLengthMax":511,"readyChecks":2243167,"conflictBlocked":2194029,"scdWindows":9495,"scdSelected":5562,"scdConflictEdges":10548,"scdBypassed":569217,"active":0,"activeReadKeys":0,"waiting":0,"activeWriteKeys":0,"queuedTasks":0,"queueWaitAvgMs":1806.24253865516,"fabricAvgMs":127.60248112189859,"totalAvgMs":1933.8450197770587,"queueLengthAvg":446.2941387989932}