{"received":6000,"accepted":5241,"rejected":759,"succeeded":5241,"failed":0,"mvccFailures":0,"transientRetries":0,"queueWaitTotalMs":7922530,"queueWaitMaxMs":15232,"fabricTotalMs":679441,"fabricMaxMs":4972,"totalTotalMs":8601971,"totalMaxMs":19564,"queueLengthTotal":3702831,"queueLengthSamples":10482,"queueLengthMax":507,"readyChecks":1679506,"conflictBlocked":1611010,"scdWindows":8229,"scdSelected":5241,"scdConflictEdges":12023,"scdBypassed":494536,"active":0,"activeReadKeys":0,"waiting":0,"activeWriteKeys":0,"queuedTasks":0,"queueWaitAvgMs":1511.6447242892577,"fabricAvgMs":129.63957260064873,"totalAvgMs":1641.2842968899065,"queueLengthAvg":353.2561534058386}