{"received":10000,"accepted":2750,"rejected":7250,"succeeded":1739,"failed":0,"mvccFailures":0,"transientRetries":0,"queueWaitTotalMs":5306388,"queueWaitMaxMs":4995,"fabricTotalMs":772045,"fabricMaxMs":3345,"totalTotalMs":6078433,"totalMaxMs":7043,"queueLengthTotal":2300432,"queueLengthSamples":5500,"queueLengthMax":500,"queueTimeouts":1011,"active":0,"lockedKeys":0,"queueLength":0,"queueWaitAvgMs":3051.401955146636,"fabricAvgMs":443.95917193789535,"totalAvgMs":3495.3611270845313,"queueLengthAvg":418.26036363636365}