{"received":9994,"accepted":2861,"rejected":7133,"succeeded":1836,"failed":0,"mvccFailures":0,"transientRetries":0,"queueWaitTotalMs":5603661,"queueWaitMaxMs":4997,"fabricTotalMs":786638,"fabricMaxMs":3283,"totalTotalMs":6390299,"totalMaxMs":7138,"queueLengthTotal":2471101,"queueLengthSamples":5722,"queueLengthMax":500,"queueTimeouts":1025,"active":0,"lockedKeys":0,"queueLength":0,"queueWaitAvgMs":3052.1029411764707,"fabricAvgMs":428.4520697167756,"totalAvgMs":3480.555010893246,"queueLengthAvg":431.85966445298845}