{"received":10000,"accepted":2763,"rejected":7237,"succeeded":1815,"failed":0,"mvccFailures":0,"transientRetries":0,"queueWaitTotalMs":5747954,"queueWaitMaxMs":4999,"fabricTotalMs":771664,"fabricMaxMs":2954,"totalTotalMs":6519618,"totalMaxMs":7064,"queueLengthTotal":2349354,"queueLengthSamples":5526,"queueLengthMax":500,"queueTimeouts":948,"active":0,"lockedKeys":0,"queueLength":0,"queueWaitAvgMs":3166.9168044077137,"fabricAvgMs":425.1592286501377,"totalAvgMs":3592.0760330578514,"queueLengthAvg":425.1454940282302}