{"received":10000,"accepted":4817,"rejected":5183,"succeeded":4817,"failed":0,"mvccFailures":0,"transientRetries":0,"queueWaitTotalMs":10006937,"queueWaitMaxMs":22964,"fabricTotalMs":692028,"fabricMaxMs":4792,"totalTotalMs":10698965,"totalMaxMs":25001,"queueLengthTotal":4214107,"queueLengthSamples":9634,"queueLengthMax":512,"readyChecks":1822928,"conflictBlocked":1770547,"scdWindows":7829,"scdSelected":4817,"scdConflictEdges":10001,"scdBypassed":494362,"active":0,"activeReadKeys":0,"waiting":0,"activeWriteKeys":0,"queuedTasks":0,"queueWaitAvgMs":2077.421008926718,"fabricAvgMs":143.66369109404192,"totalAvgMs":2221.08470002076,"queueLengthAvg":437.42028233340255}