{"received":6000,"accepted":5492,"rejected":508,"succeeded":5492,"failed":0,"mvccFailures":0,"transientRetries":0,"queueWaitTotalMs":8035137,"queueWaitMaxMs":16037,"fabricTotalMs":691609,"fabricMaxMs":4641,"totalTotalMs":8726746,"totalMaxMs":16154,"queueLengthTotal":3980164,"queueLengthSamples":10984,"queueLengthMax":509,"readyChecks":1830253,"conflictBlocked":1748751,"scdWindows":8848,"scdSelected":5492,"scdConflictEdges":10767,"scdBypassed":534170,"active":0,"activeReadKeys":0,"waiting":0,"activeWriteKeys":0,"queuedTasks":0,"queueWaitAvgMs":1463.0620903131828,"fabricAvgMs":125.930262199563,"totalAvgMs":1588.9923525127458,"queueLengthAvg":362.36016023306627}