{"received":10000,"accepted":2776,"rejected":7224,"succeeded":1767,"failed":0,"mvccFailures":0,"transientRetries":0,"queueWaitTotalMs":5359195,"queueWaitMaxMs":4991,"fabricTotalMs":774592,"fabricMaxMs":3286,"totalTotalMs":6133787,"totalMaxMs":7192,"queueLengthTotal":2343704,"queueLengthSamples":5552,"queueLengthMax":500,"queueTimeouts":1009,"active":0,"lockedKeys":0,"queueLength":0,"queueWaitAvgMs":3032.9343520090547,"fabricAvgMs":438.36559139784947,"totalAvgMs":3471.2999434069043,"queueLengthAvg":422.1368876080692}