{"received":6000,"accepted":2770,"rejected":3230,"succeeded":1780,"failed":0,"mvccFailures":0,"transientRetries":0,"queueWaitTotalMs":5074445,"queueWaitMaxMs":4997,"fabricTotalMs":777794,"fabricMaxMs":3459,"totalTotalMs":5852239,"totalMaxMs":7907,"queueLengthTotal":2271419,"queueLengthSamples":5540,"queueLengthMax":501,"queueTimeouts":990,"active":0,"lockedKeys":0,"queueLength":0,"queueWaitAvgMs":2850.811797752809,"fabricAvgMs":436.9629213483146,"totalAvgMs":3287.7747191011235,"queueLengthAvg":410.0034296028881}