{"received":10000,"accepted":5342,"rejected":4658,"succeeded":5342,"failed":0,"mvccFailures":0,"transientRetries":0,"queueWaitTotalMs":10948456,"queueWaitMaxMs":16132,"fabricTotalMs":747376,"fabricMaxMs":2073,"totalTotalMs":11695832,"totalMaxMs":16870,"queueLengthTotal":4728695,"queueLengthSamples":10684,"queueLengthMax":510,"readyChecks":1947354,"conflictBlocked":1884115,"scdWindows":8310,"scdSelected":5342,"scdConflictEdges":12105,"scdBypassed":549232,"active":0,"activeReadKeys":0,"waiting":0,"activeWriteKeys":0,"queuedTasks":0,"queueWaitAvgMs":2049.505054286784,"fabricAvgMs":139.90565331336578,"totalAvgMs":2189.4107076001496,"queueLengthAvg":442.59593785099213}