{"received":9996,"accepted":5235,"rejected":4761,"succeeded":5235,"failed":0,"mvccFailures":0,"transientRetries":0,"queueWaitTotalMs":11024028,"queueWaitMaxMs":18881,"fabricTotalMs":778353,"fabricMaxMs":2053,"totalTotalMs":11802381,"totalMaxMs":20915,"queueLengthTotal":4636565,"queueLengthSamples":10470,"queueLengthMax":510,"readyChecks":1962325,"conflictBlocked":1903857,"scdWindows":8390,"scdSelected":5235,"scdConflictEdges":10801,"scdBypassed":543214,"active":0,"activeReadKeys":0,"waiting":0,"activeWriteKeys":0,"queuedTasks":0,"queueWaitAvgMs":2105.831518624642,"fabricAvgMs":148.68252148997135,"totalAvgMs":2254.514040114613,"queueLengthAvg":442.84288443170965}