{"received":10000,"accepted":2746,"rejected":7254,"succeeded":1781,"failed":0,"mvccFailures":0,"transientRetries":0,"queueWaitTotalMs":5440611,"queueWaitMaxMs":4999,"fabricTotalMs":767457,"fabricMaxMs":3481,"totalTotalMs":6208068,"totalMaxMs":7297,"queueLengthTotal":2290915,"queueLengthSamples":5492,"queueLengthMax":500,"queueTimeouts":965,"active":0,"lockedKeys":0,"queueLength":0,"queueWaitAvgMs":3054.8068500842223,"fabricAvgMs":430.9135317237507,"totalAvgMs":3485.720381807973,"queueLengthAvg":417.13674435542606}