{"received":6000,"accepted":2659,"rejected":3341,"succeeded":1777,"failed":0,"mvccFailures":0,"transientRetries":0,"queueWaitTotalMs":5414723,"queueWaitMaxMs":4997,"fabricTotalMs":770570,"fabricMaxMs":3459,"totalTotalMs":6185293,"totalMaxMs":7765,"queueLengthTotal":2187892,"queueLengthSamples":5318,"queueLengthMax":500,"queueTimeouts":882,"active":0,"lockedKeys":0,"queueLength":0,"queueWaitAvgMs":3047.1148002250984,"fabricAvgMs":433.6353404614519,"totalAvgMs":3480.7501406865504,"queueLengthAvg":411.41256111320047}