{"received":6000,"accepted":5319,"rejected":681,"succeeded":5319,"failed":0,"mvccFailures":0,"transientRetries":0,"queueWaitTotalMs":8906416,"queueWaitMaxMs":14768,"fabricTotalMs":640734,"fabricMaxMs":2047,"totalTotalMs":9547150,"totalMaxMs":14878,"queueLengthTotal":4396718,"queueLengthSamples":10638,"queueLengthMax":511,"readyChecks":1931349,"conflictBlocked":1861664,"scdWindows":8569,"scdSelected":5319,"scdConflictEdges":12138,"scdBypassed":539686,"active":0,"activeReadKeys":0,"waiting":0,"activeWriteKeys":0,"queuedTasks":0,"queueWaitAvgMs":1674.4530926865953,"fabricAvgMs":120.46136491821771,"totalAvgMs":1794.914457604813,"queueLengthAvg":413.3030644858056}