{"received":6000,"accepted":2514,"rejected":3486,"succeeded":776,"failed":0,"mvccFailures":0,"transientRetries":0,"queueWaitTotalMs":2005383,"queueWaitMaxMs":4999,"fabricTotalMs":384187,"fabricMaxMs":2323,"totalTotalMs":2389570,"totalMaxMs":7222,"queueLengthTotal":2197184,"queueLengthSamples":5028,"queueLengthMax":520,"queueTimeouts":1738,"active":0,"lockedKeys":0,"queueLength":0,"queueWaitAvgMs":2584.256443298969,"fabricAvgMs":495.0863402061856,"totalAvgMs":3079.342783505155,"queueLengthAvg":436.98965791567224}