{"received":10000,"accepted":2168,"rejected":7832,"succeeded":2168,"failed":0,"mvccFailures":0,"transientRetries":0,"queueWaitTotalMs":11119261,"queueWaitMaxMs":8439,"fabricTotalMs":847548,"fabricMaxMs":2321,"totalTotalMs":11966809,"totalMaxMs":10715,"queueLengthTotal":1827068,"queueLengthSamples":4336,"queueLengthMax":500,"active":0,"lockedKeys":0,"queueLength":0,"queueWaitAvgMs":5128.810424354244,"fabricAvgMs":390.93542435424354,"totalAvgMs":5519.745848708487,"queueLengthAvg":421.3717712177122}