{"received":6000,"accepted":293,"rejected":5707,"succeeded":285,"failed":0,"mvccFailures":0,"transientRetries":0,"queueWaitTotalMs":115169094,"queueWaitMaxMs":1105728,"fabricTotalMs":483995,"fabricMaxMs":2397,"totalTotalMs":115653705,"totalMaxMs":1108027,"queueLengthTotal":279147,"queueLengthSamples":578,"queueLengthMax":528,"active":1,"lockedKeys":2,"queueLength":391,"queueWaitAvgMs":404102.0842105263,"fabricAvgMs":1698.2280701754387,"totalAvgMs":405802.4736842105,"queueLengthAvg":482.9532871972318}