{"received":10000,"accepted":2254,"rejected":7746,"succeeded":2175,"failed":79,"mvccFailures":79,"transientRetries":0,"queueWaitTotalMs":12370593,"queueWaitMaxMs":9168,"fabricTotalMs":922811,"fabricMaxMs":3424,"totalTotalMs":12837090,"totalMaxMs":11186,"queueLengthTotal":1914047,"queueLengthSamples":4508,"queueLengthMax":500,"active":0,"lockedKeys":0,"queueLength":0,"queueWaitAvgMs":5488.284383318545,"fabricAvgMs":424.2809195402299,"totalAvgMs":5902.110344827586,"queueLengthAvg":424.58895297249336}