{"received":6000,"accepted":1986,"rejected":4014,"succeeded":1920,"failed":66,"mvccFailures":66,"transientRetries":0,"queueWaitTotalMs":10733286,"queueWaitMaxMs":9487,"fabricTotalMs":831392,"fabricMaxMs":3447,"totalTotalMs":11179904,"totalMaxMs":9870,"queueLengthTotal":1583511,"queueLengthSamples":3972,"queueLengthMax":500,"active":0,"lockedKeys":0,"queueLength":0,"queueWaitAvgMs":5404.474320241692,"fabricAvgMs":433.01666666666665,"totalAvgMs":5822.866666666667,"queueLengthAvg":398.6684290030212}