{"received":6000,"accepted":2524,"rejected":3476,"succeeded":778,"failed":0,"mvccFailures":0,"transientRetries":0,"queueWaitTotalMs":1992336,"queueWaitMaxMs":4996,"fabricTotalMs":372320,"fabricMaxMs":2310,"totalTotalMs":2364656,"totalMaxMs":7267,"queueLengthTotal":2216617,"queueLengthSamples":5048,"queueLengthMax":520,"queueTimeouts":1746,"active":0,"lockedKeys":0,"queueLength":0,"queueWaitAvgMs":2560.8431876606683,"fabricAvgMs":478.560411311054,"totalAvgMs":3039.403598971722,"queueLengthAvg":439.1079635499208}