{"received":6000,"accepted":1932,"rejected":4068,"succeeded":1932,"failed":0,"mvccFailures":0,"transientRetries":0,"queueWaitTotalMs":44963647,"queueWaitMaxMs":212525,"fabricTotalMs":1597158,"fabricMaxMs":2343,"totalTotalMs":46560805,"totalMaxMs":214802,"queueLengthTotal":1578241,"queueLengthSamples":3864,"queueLengthMax":515,"active":0,"lockedKeys":0,"queueLength":0,"queueWaitAvgMs":23273.10921325052,"fabricAvgMs":826.6863354037267,"totalAvgMs":24099.795548654245,"queueLengthAvg":408.44746376811594}