{"received":6000,"accepted":2799,"rejected":3201,"succeeded":1828,"failed":0,"mvccFailures":0,"transientRetries":0,"queueWaitTotalMs":5128430,"queueWaitMaxMs":4999,"fabricTotalMs":782141,"fabricMaxMs":3416,"totalTotalMs":5910571,"totalMaxMs":7209,"queueLengthTotal":2299630,"queueLengthSamples":5598,"queueLengthMax":500,"queueTimeouts":971,"active":0,"lockedKeys":0,"queueLength":0,"queueWaitAvgMs":2805.4868708971553,"fabricAvgMs":427.86706783369806,"totalAvgMs":3233.3539387308533,"queueLengthAvg":410.794926759557}