{"received":6000,"accepted":2870,"rejected":3130,"succeeded":1917,"failed":0,"mvccFailures":0,"transientRetries":0,"queueWaitTotalMs":5234131,"queueWaitMaxMs":4999,"fabricTotalMs":770765,"fabricMaxMs":3435,"totalTotalMs":6004896,"totalMaxMs":7827,"queueLengthTotal":2439277,"queueLengthSamples":5740,"queueLengthMax":500,"queueTimeouts":953,"active":0,"lockedKeys":0,"queueLength":0,"queueWaitAvgMs":2730.376108502869,"fabricAvgMs":402.06833594157536,"totalAvgMs":3132.4444444444443,"queueLengthAvg":424.961149825784}