{"received":6000,"accepted":2530,"rejected":3470,"succeeded":1736,"failed":0,"mvccFailures":0,"transientRetries":0,"queueWaitTotalMs":5764639,"queueWaitMaxMs":4988,"fabricTotalMs":760184,"fabricMaxMs":2291,"totalTotalMs":6524823,"totalMaxMs":7248,"queueLengthTotal":2156297,"queueLengthSamples":5060,"queueLengthMax":500,"queueTimeouts":794,"active":0,"lockedKeys":0,"queueLength":0,"queueWaitAvgMs":3320.644585253456,"fabricAvgMs":437.89400921658984,"totalAvgMs":3758.538594470046,"queueLengthAvg":426.14565217391305}