{"received":6000,"accepted":2902,"rejected":3098,"succeeded":1913,"failed":0,"mvccFailures":0,"transientRetries":0,"queueWaitTotalMs":5438572,"queueWaitMaxMs":4991,"fabricTotalMs":776875,"fabricMaxMs":3415,"totalTotalMs":6215447,"totalMaxMs":7194,"queueLengthTotal":2488646,"queueLengthSamples":5804,"queueLengthMax":500,"queueTimeouts":989,"active":0,"lockedKeys":0,"queueLength":0,"queueWaitAvgMs":2842.954521693675,"fabricAvgMs":406.10297961317303,"totalAvgMs":3249.057501306848,"queueLengthAvg":428.7811853893866}