{"received":10000,"accepted":2924,"rejected":7076,"succeeded":1973,"failed":0,"mvccFailures":0,"transientRetries":0,"queueWaitTotalMs":5790535,"queueWaitMaxMs":4999,"fabricTotalMs":802978,"fabricMaxMs":5074,"totalTotalMs":6593513,"totalMaxMs":9774,"queueLengthTotal":2536744,"queueLengthSamples":5848,"queueLengthMax":500,"queueTimeouts":951,"active":0,"lockedKeys":0,"queueLength":0,"queueWaitAvgMs":2934.888494678155,"fabricAvgMs":406.98327420172325,"totalAvgMs":3341.8717688798783,"queueLengthAvg":433.7797537619699}