{"received":10000,"accepted":2774,"rejected":7226,"succeeded":1786,"failed":0,"mvccFailures":0,"transientRetries":0,"queueWaitTotalMs":5306232,"queueWaitMaxMs":4998,"fabricTotalMs":765851,"fabricMaxMs":3464,"totalTotalMs":6072083,"totalMaxMs":7265,"queueLengthTotal":2338458,"queueLengthSamples":5548,"queueLengthMax":500,"queueTimeouts":988,"active":0,"lockedKeys":0,"queueLength":0,"queueWaitAvgMs":2971.014557670773,"fabricAvgMs":428.80795072788356,"totalAvgMs":3399.8225083986563,"queueLengthAvg":421.49567411679885}