{"received":6000,"accepted":2820,"rejected":3180,"succeeded":1858,"failed":0,"mvccFailures":0,"transientRetries":0,"queueWaitTotalMs":5288420,"queueWaitMaxMs":4988,"fabricTotalMs":787732,"fabricMaxMs":3417,"totalTotalMs":6076152,"totalMaxMs":7887,"queueLengthTotal":2335476,"queueLengthSamples":5640,"queueLengthMax":500,"queueTimeouts":962,"active":0,"lockedKeys":0,"queueLength":0,"queueWaitAvgMs":2846.297093649085,"fabricAvgMs":423.967707212056,"totalAvgMs":3270.264800861141,"queueLengthAvg":414.09148936170214}