{"received":10000,"accepted":2937,"rejected":7063,"succeeded":1899,"failed":0,"mvccFailures":0,"transientRetries":0,"queueWaitTotalMs":5578465,"queueWaitMaxMs":4994,"fabricTotalMs":810934,"fabricMaxMs":3445,"totalTotalMs":6389399,"totalMaxMs":7454,"queueLengthTotal":2492839,"queueLengthSamples":5874,"queueLengthMax":500,"queueTimeouts":1038,"active":0,"lockedKeys":0,"queueLength":0,"queueWaitAvgMs":2937.5803054239072,"fabricAvgMs":427.0321221695629,"totalAvgMs":3364.6124275934703,"queueLengthAvg":424.38525706503236}