{"received":10000,"accepted":2888,"rejected":7112,"succeeded":1985,"failed":0,"mvccFailures":0,"transientRetries":0,"queueWaitTotalMs":6046473,"queueWaitMaxMs":4998,"fabricTotalMs":769670,"fabricMaxMs":2292,"totalTotalMs":6816143,"totalMaxMs":6877,"queueLengthTotal":2494915,"queueLengthSamples":5776,"queueLengthMax":500,"queueTimeouts":903,"active":0,"lockedKeys":0,"queueLength":0,"queueWaitAvgMs":3046.082115869018,"fabricAvgMs":387.74307304785896,"totalAvgMs":3433.8251889168764,"queueLengthAvg":431.94511772853184}