{"received":10000,"accepted":2793,"rejected":7207,"succeeded":1799,"failed":0,"mvccFailures":0,"transientRetries":0,"queueWaitTotalMs":5632491,"queueWaitMaxMs":4998,"fabricTotalMs":781551,"fabricMaxMs":3301,"totalTotalMs":6414042,"totalMaxMs":6779,"queueLengthTotal":2404542,"queueLengthSamples":5586,"queueLengthMax":500,"queueTimeouts":994,"active":0,"lockedKeys":0,"queueLength":0,"queueWaitAvgMs":3130.901056142301,"fabricAvgMs":434.43635352973877,"totalAvgMs":3565.33740967204,"queueLengthAvg":430.45864661654133}