{"received":6000,"accepted":2861,"rejected":3139,"succeeded":1862,"failed":0,"mvccFailures":0,"transientRetries":0,"queueWaitTotalMs":5360298,"queueWaitMaxMs":4999,"fabricTotalMs":804953,"fabricMaxMs":5107,"totalTotalMs":6165251,"totalMaxMs":9812,"queueLengthTotal":2429701,"queueLengthSamples":5722,"queueLengthMax":500,"queueTimeouts":999,"active":0,"lockedKeys":0,"queueLength":0,"queueWaitAvgMs":2878.7851772287863,"fabricAvgMs":432.30558539205157,"totalAvgMs":3311.0907626208377,"queueLengthAvg":424.62443201677735}