{"received":6000,"accepted":2905,"rejected":3095,"succeeded":2048,"failed":0,"mvccFailures":0,"transientRetries":0,"queueWaitTotalMs":5987777,"queueWaitMaxMs":4984,"fabricTotalMs":782942,"fabricMaxMs":2307,"totalTotalMs":6770719,"totalMaxMs":6730,"queueLengthTotal":2480190,"queueLengthSamples":5810,"queueLengthMax":500,"queueTimeouts":857,"active":0,"lockedKeys":0,"queueLength":0,"queueWaitAvgMs":2923.71923828125,"fabricAvgMs":382.2958984375,"totalAvgMs":3306.01513671875,"queueLengthAvg":426.8829604130809}