{"received":10000,"accepted":2771,"rejected":7229,"succeeded":1816,"failed":0,"mvccFailures":0,"transientRetries":0,"queueWaitTotalMs":5614031,"queueWaitMaxMs":4996,"fabricTotalMs":772859,"fabricMaxMs":3264,"totalTotalMs":6386890,"totalMaxMs":7673,"queueLengthTotal":2359328,"queueLengthSamples":5542,"queueLengthMax":500,"queueTimeouts":955,"active":0,"lockedKeys":0,"queueLength":0,"queueWaitAvgMs":3091.4267621145373,"fabricAvgMs":425.58314977973566,"totalAvgMs":3517.009911894273,"queueLengthAvg":425.7177914110429}