{"received":6000,"accepted":2885,"rejected":3115,"succeeded":1966,"failed":0,"mvccFailures":0,"transientRetries":0,"queueWaitTotalMs":5493794,"queueWaitMaxMs":4999,"fabricTotalMs":768908,"fabricMaxMs":3144,"totalTotalMs":6262702,"totalMaxMs":7938,"queueLengthTotal":2453957,"queueLengthSamples":5770,"queueLengthMax":500,"queueTimeouts":919,"active":0,"lockedKeys":0,"queueLength":0,"queueWaitAvgMs":2794.401831129196,"fabricAvgMs":391.10274669379453,"totalAvgMs":3185.504577822991,"queueLengthAvg":425.2958405545927}