{"received":6000,"accepted":2680,"rejected":3320,"succeeded":1699,"failed":0,"mvccFailures":0,"transientRetries":0,"queueWaitTotalMs":4990713,"queueWaitMaxMs":4998,"fabricTotalMs":784631,"fabricMaxMs":3511,"totalTotalMs":5775344,"totalMaxMs":7749,"queueLengthTotal":2160949,"queueLengthSamples":5360,"queueLengthMax":500,"queueTimeouts":981,"active":0,"lockedKeys":0,"queueLength":0,"queueWaitAvgMs":2937.4414361389054,"fabricAvgMs":461.81930547380813,"totalAvgMs":3399.2607416127134,"queueLengthAvg":403.16212686567167}