{"received":10000,"accepted":2841,"rejected":7159,"succeeded":1839,"failed":0,"mvccFailures":0,"transientRetries":0,"queueWaitTotalMs":5433973,"queueWaitMaxMs":4996,"fabricTotalMs":784324,"fabricMaxMs":3365,"totalTotalMs":6218297,"totalMaxMs":7686,"queueLengthTotal":2407812,"queueLengthSamples":5682,"queueLengthMax":500,"queueTimeouts":1002,"active":0,"lockedKeys":0,"queueLength":0,"queueWaitAvgMs":2954.8520935290917,"fabricAvgMs":426.494834148994,"totalAvgMs":3381.346927678086,"queueLengthAvg":423.76135163674763}