{"received":10000,"accepted":2614,"rejected":7386,"succeeded":1746,"failed":0,"mvccFailures":0,"transientRetries":0,"queueWaitTotalMs":5972097,"queueWaitMaxMs":4999,"fabricTotalMs":771370,"fabricMaxMs":2449,"totalTotalMs":6743467,"totalMaxMs":7270,"queueLengthTotal":2226840,"queueLengthSamples":5228,"queueLengthMax":500,"queueTimeouts":868,"active":0,"lockedKeys":0,"queueLength":0,"queueWaitAvgMs":3420.4450171821304,"fabricAvgMs":441.7926689576174,"totalAvgMs":3862.237686139748,"queueLengthAvg":425.9449120122418}