{"received":10000,"accepted":2689,"rejected":7311,"succeeded":1689,"failed":0,"mvccFailures":0,"transientRetries":0,"queueWaitTotalMs":5143548,"queueWaitMaxMs":4999,"fabricTotalMs":774517,"fabricMaxMs":3416,"totalTotalMs":5918065,"totalMaxMs":6970,"queueLengthTotal":2208582,"queueLengthSamples":5378,"queueLengthMax":500,"queueTimeouts":1000,"active":0,"lockedKeys":0,"queueLength":0,"queueWaitAvgMs":3045.321492007105,"fabricAvgMs":458.56542332741265,"totalAvgMs":3503.8869153345177,"queueLengthAvg":410.66976571216065}