{"received":10000,"accepted":2863,"rejected":7137,"succeeded":1818,"failed":0,"mvccFailures":0,"transientRetries":0,"queueWaitTotalMs":5456807,"queueWaitMaxMs":4998,"fabricTotalMs":781425,"fabricMaxMs":3581,"totalTotalMs":6238232,"totalMaxMs":8295,"queueLengthTotal":2483704,"queueLengthSamples":5726,"queueLengthMax":500,"queueTimeouts":1045,"active":0,"lockedKeys":0,"queueLength":0,"queueWaitAvgMs":3001.54400440044,"fabricAvgMs":429.8267326732673,"totalAvgMs":3431.3707370737075,"queueLengthAvg":433.7589940621725}