{"received":6000,"accepted":2789,"rejected":3211,"succeeded":1868,"failed":0,"mvccFailures":0,"transientRetries":0,"queueWaitTotalMs":5433602,"queueWaitMaxMs":4999,"fabricTotalMs":779474,"fabricMaxMs":3466,"totalTotalMs":6213076,"totalMaxMs":7808,"queueLengthTotal":2319792,"queueLengthSamples":5578,"queueLengthMax":500,"queueTimeouts":921,"active":0,"lockedKeys":0,"queueLength":0,"queueWaitAvgMs":2908.7805139186294,"fabricAvgMs":417.27730192719486,"totalAvgMs":3326.0578158458243,"queueLengthAvg":415.88239512370023}