{"received":10000,"accepted":1922,"rejected":8078,"succeeded":1922,"failed":0,"mvccFailures":0,"transientRetries":0,"queueWaitTotalMs":43122926,"queueWaitMaxMs":212033,"fabricTotalMs":1565206,"fabricMaxMs":2398,"totalTotalMs":44688132,"totalMaxMs":214341,"queueLengthTotal":1613532,"queueLengthSamples":3844,"queueLengthMax":518,"active":0,"lockedKeys":0,"queueLength":0,"queueWaitAvgMs":22436.485952133196,"fabricAvgMs":814.363163371488,"totalAvgMs":23250.849115504683,"queueLengthAvg":419.75338189386054}