{"received":10000,"accepted":1812,"rejected":8188,"succeeded":1812,"failed":0,"mvccFailures":0,"transientRetries":0,"queueWaitTotalMs":46220876,"queueWaitMaxMs":217103,"fabricTotalMs":1609006,"fabricMaxMs":2373,"totalTotalMs":47829882,"totalMaxMs":219382,"queueLengthTotal":1509737,"queueLengthSamples":3624,"queueLengthMax":515,"active":0,"lockedKeys":0,"queueLength":0,"queueWaitAvgMs":25508.209713024284,"fabricAvgMs":887.9724061810155,"totalAvgMs":26396.1821192053,"queueLengthAvg":416.5940949227373}