{"received":6000,"accepted":304,"rejected":5696,"succeeded":309,"failed":0,"mvccFailures":0,"transientRetries":0,"queueWaitTotalMs":115238163,"queueWaitMaxMs":1110517,"fabricTotalMs":499979,"fabricMaxMs":2423,"totalTotalMs":115735345,"totalMaxMs":1112826,"queueLengthTotal":296393,"queueLengthSamples":613,"queueLengthMax":527,"active":1,"lockedKeys":2,"queueLength":381,"queueWaitAvgMs":372939.03883495147,"fabricAvgMs":1618.0550161812298,"totalAvgMs":374548.0420711974,"queueLengthAvg":483.5122349102773}