{"received":10000,"accepted":285,"rejected":9715,"succeeded":279,"failed":0,"mvccFailures":0,"transientRetries":0,"queueWaitTotalMs":113844824,"queueWaitMaxMs":1110636,"fabricTotalMs":478606,"fabricMaxMs":2400,"totalTotalMs":114325499,"totalMaxMs":1112921,"queueLengthTotal":273453,"queueLengthSamples":564,"queueLengthMax":527,"active":1,"lockedKeys":7,"queueLength":393,"queueWaitAvgMs":408045.96415770607,"fabricAvgMs":1715.4336917562723,"totalAvgMs":409768.8136200717,"queueLengthAvg":484.84574468085106}