{"received":10000,"accepted":1902,"rejected":8098,"succeeded":1902,"failed":0,"mvccFailures":0,"transientRetries":0,"queueWaitTotalMs":45251476,"queueWaitMaxMs":216980,"fabricTotalMs":1571311,"fabricMaxMs":2381,"totalTotalMs":46822787,"totalMaxMs":219264,"queueLengthTotal":1597615,"queueLengthSamples":3804,"queueLengthMax":517,"active":0,"lockedKeys":0,"queueLength":0,"queueWaitAvgMs":23791.522607781284,"fabricAvgMs":826.1361724500525,"totalAvgMs":24617.658780231337,"queueLengthAvg":419.982912723449}