{"received":6000,"accepted":2262,"rejected":3738,"succeeded":2262,"failed":0,"mvccFailures":0,"transientRetries":0,"queueWaitTotalMs":11094901,"queueWaitMaxMs":8133,"fabricTotalMs":857781,"fabricMaxMs":2310,"totalTotalMs":11952682,"totalMaxMs":9562,"queueLengthTotal":1866554,"queueLengthSamples":4524,"queueLengthMax":500,"active":0,"lockedKeys":0,"queueLength":0,"queueWaitAvgMs":4904.907603890362,"fabricAvgMs":379.2135278514589,"totalAvgMs":5284.121131741821,"queueLengthAvg":412.5893015030946}