{"received":6000,"accepted":2185,"rejected":3815,"succeeded":2115,"failed":70,"mvccFailures":70,"transientRetries":0,"queueWaitTotalMs":10712745,"queueWaitMaxMs":7490,"fabricTotalMs":832228,"fabricMaxMs":2362,"totalTotalMs":11160306,"totalMaxMs":8382,"queueLengthTotal":1778941,"queueLengthSamples":4370,"queueLengthMax":500,"active":0,"lockedKeys":0,"queueLength":0,"queueWaitAvgMs":4902.858123569794,"fabricAvgMs":393.4884160756501,"totalAvgMs":5276.740425531915,"queueLengthAvg":407.0803203661327}