{"received":6000,"accepted":2516,"rejected":3484,"succeeded":777,"failed":0,"mvccFailures":0,"transientRetries":0,"queueWaitTotalMs":1970038,"queueWaitMaxMs":4999,"fabricTotalMs":379310,"fabricMaxMs":2338,"totalTotalMs":2349348,"totalMaxMs":7241,"queueLengthTotal":2213397,"queueLengthSamples":5032,"queueLengthMax":520,"queueTimeouts":1739,"active":0,"lockedKeys":0,"queueLength":0,"queueWaitAvgMs":2535.4414414414414,"fabricAvgMs":488.17245817245816,"totalAvgMs":3023.6138996139,"queueLengthAvg":439.86426868044515}