{"received":6000,"accepted":2527,"rejected":3473,"succeeded":798,"failed":0,"mvccFailures":0,"transientRetries":0,"queueWaitTotalMs":2073132,"queueWaitMaxMs":4998,"fabricTotalMs":383901,"fabricMaxMs":2307,"totalTotalMs":2457033,"totalMaxMs":7199,"queueLengthTotal":2229559,"queueLengthSamples":5054,"queueLengthMax":522,"queueTimeouts":1729,"active":0,"lockedKeys":0,"queueLength":0,"queueWaitAvgMs":2597.90977443609,"fabricAvgMs":481.07894736842104,"totalAvgMs":3078.9887218045114,"queueLengthAvg":441.14740799366837}