{"received":10000,"accepted":1882,"rejected":8118,"succeeded":1882,"failed":0,"mvccFailures":0,"transientRetries":0,"queueWaitTotalMs":43958031,"queueWaitMaxMs":220462,"fabricTotalMs":1539311,"fabricMaxMs":2424,"totalTotalMs":45497342,"totalMaxMs":222761,"queueLengthTotal":1575580,"queueLengthSamples":3764,"queueLengthMax":518,"active":0,"lockedKeys":0,"queueLength":0,"queueWaitAvgMs":23357.083421891606,"fabricAvgMs":817.9123273113709,"totalAvgMs":24174.995749202975,"queueLengthAvg":418.5919234856536}