{"received":10000,"accepted":1882,"rejected":8118,"succeeded":1882,"failed":0,"mvccFailures":0,"transientRetries":0,"queueWaitTotalMs":43968387,"queueWaitMaxMs":212191,"fabricTotalMs":1565563,"fabricMaxMs":2367,"totalTotalMs":45533950,"totalMaxMs":214492,"queueLengthTotal":1576323,"queueLengthSamples":3764,"queueLengthMax":515,"active":0,"lockedKeys":0,"queueLength":0,"queueWaitAvgMs":23362.586078639746,"fabricAvgMs":831.8613177470776,"totalAvgMs":24194.447396386822,"queueLengthAvg":418.7893198724761}