{"received":10000,"accepted":2589,"rejected":7411,"succeeded":816,"failed":0,"mvccFailures":0,"transientRetries":0,"queueWaitTotalMs":1956842,"queueWaitMaxMs":4999,"fabricTotalMs":395070,"fabricMaxMs":2353,"totalTotalMs":2351912,"totalMaxMs":7312,"queueLengthTotal":2276559,"queueLengthSamples":5178,"queueLengthMax":520,"queueTimeouts":1773,"active":0,"lockedKeys":0,"queueLength":0,"queueWaitAvgMs":2398.0906862745096,"fabricAvgMs":484.15441176470586,"totalAvgMs":2882.2450980392155,"queueLengthAvg":439.6599073001159}