{"received":6000,"accepted":2531,"rejected":3469,"succeeded":786,"failed":0,"mvccFailures":0,"transientRetries":0,"queueWaitTotalMs":1919297,"queueWaitMaxMs":4999,"fabricTotalMs":381513,"fabricMaxMs":2328,"totalTotalMs":2300810,"totalMaxMs":7249,"queueLengthTotal":2226970,"queueLengthSamples":5062,"queueLengthMax":520,"queueTimeouts":1745,"active":0,"lockedKeys":0,"queueLength":0,"queueWaitAvgMs":2441.85368956743,"fabricAvgMs":485.3854961832061,"totalAvgMs":2927.2391857506364,"queueLengthAvg":439.93875938364283}