{"received":10000,"accepted":2159,"rejected":7841,"succeeded":2159,"failed":0,"mvccFailures":0,"transientRetries":0,"queueWaitTotalMs":11230221,"queueWaitMaxMs":8888,"fabricTotalMs":859158,"fabricMaxMs":2310,"totalTotalMs":12089379,"totalMaxMs":11192,"queueLengthTotal":1818201,"queueLengthSamples":4318,"queueLengthMax":500,"active":0,"lockedKeys":0,"queueLength":0,"queueWaitAvgMs":5201.584529874942,"fabricAvgMs":397.9425660027791,"totalAvgMs":5599.527095877721,"queueLengthAvg":421.0748031496063}