{"received":10000,"accepted":3093,"rejected":6907,"succeeded":2260,"failed":0,"mvccFailures":0,"transientRetries":0,"queueWaitTotalMs":6443197,"queueWaitMaxMs":4990,"fabricTotalMs":752139,"fabricMaxMs":656,"totalTotalMs":7195336,"totalMaxMs":5474,"queueLengthTotal":2750855,"queueLengthSamples":6186,"queueLengthMax":500,"queueTimeouts":833,"active":0,"lockedKeys":0,"queueLength":0,"queueWaitAvgMs":2850.9721238938055,"fabricAvgMs":332.8048672566372,"totalAvgMs":3183.7769911504424,"queueLengthAvg":444.69043000323313}