{"received":6000,"accepted":3047,"rejected":2953,"succeeded":2205,"failed":0,"mvccFailures":0,"transientRetries":0,"queueWaitTotalMs":6003145,"queueWaitMaxMs":4991,"fabricTotalMs":753388,"fabricMaxMs":681,"totalTotalMs":6756533,"totalMaxMs":5563,"queueLengthTotal":2630655,"queueLengthSamples":6094,"queueLengthMax":500,"queueTimeouts":842,"active":0,"lockedKeys":0,"queueLength":0,"queueWaitAvgMs":2722.514739229025,"fabricAvgMs":341.67256235827665,"totalAvgMs":3064.1873015873016,"queueLengthAvg":431.67952084017065}