{"received":6000,"accepted":2978,"rejected":3022,"succeeded":2190,"failed":0,"mvccFailures":0,"transientRetries":0,"queueWaitTotalMs":6333657,"queueWaitMaxMs":4985,"fabricTotalMs":755265,"fabricMaxMs":680,"totalTotalMs":7088922,"totalMaxMs":5552,"queueLengthTotal":2566224,"queueLengthSamples":5956,"queueLengthMax":500,"queueTimeouts":788,"active":0,"lockedKeys":0,"queueLength":0,"queueWaitAvgMs":2892.0808219178084,"fabricAvgMs":344.86986301369865,"totalAvgMs":3236.9506849315067,"queueLengthAvg":430.86366689053057}