{"received":5998,"accepted":3003,"rejected":2995,"succeeded":2181,"failed":0,"mvccFailures":0,"transientRetries":0,"queueWaitTotalMs":6155132,"queueWaitMaxMs":4999,"fabricTotalMs":762594,"fabricMaxMs":1342,"totalTotalMs":6917726,"totalMaxMs":6049,"queueLengthTotal":2588192,"queueLengthSamples":6006,"queueLengthMax":501,"queueTimeouts":822,"active":0,"lockedKeys":0,"queueLength":0,"queueWaitAvgMs":2822.1604768454836,"fabricAvgMs":349.65337001375514,"totalAvgMs":3171.8138468592388,"queueLengthAvg":430.9343989343989}