{"received":10000,"accepted":3031,"rejected":6969,"succeeded":2206,"failed":0,"mvccFailures":0,"transientRetries":0,"queueWaitTotalMs":6544681,"queueWaitMaxMs":4994,"fabricTotalMs":760091,"fabricMaxMs":1324,"totalTotalMs":7304772,"totalMaxMs":6132,"queueLengthTotal":2677926,"queueLengthSamples":6062,"queueLengthMax":500,"queueTimeouts":825,"active":0,"lockedKeys":0,"queueLength":0,"queueWaitAvgMs":2966.763825929284,"fabricAvgMs":344.5562103354488,"totalAvgMs":3311.3200362647326,"queueLengthAvg":441.75618607720224}