{"received":10000,"accepted":3090,"rejected":6910,"succeeded":2268,"failed":0,"mvccFailures":0,"transientRetries":0,"queueWaitTotalMs":6484644,"queueWaitMaxMs":4992,"fabricTotalMs":755433,"fabricMaxMs":1310,"totalTotalMs":7240077,"totalMaxMs":6247,"queueLengthTotal":2751475,"queueLengthSamples":6180,"queueLengthMax":500,"queueTimeouts":822,"active":0,"lockedKeys":0,"queueLength":0,"queueWaitAvgMs":2859.190476190476,"fabricAvgMs":333.0833333333333,"totalAvgMs":3192.2738095238096,"queueLengthAvg":445.2224919093851}