{"received":6000,"accepted":3111,"rejected":2889,"succeeded":2309,"failed":0,"mvccFailures":0,"transientRetries":0,"queueWaitTotalMs":6262013,"queueWaitMaxMs":4970,"fabricTotalMs":758128,"fabricMaxMs":1298,"totalTotalMs":7020141,"totalMaxMs":6222,"queueLengthTotal":2709524,"queueLengthSamples":6222,"queueLengthMax":501,"queueTimeouts":802,"active":0,"lockedKeys":0,"queueLength":0,"queueWaitAvgMs":2712.002165439584,"fabricAvgMs":328.33607622347336,"totalAvgMs":3040.3382416630575,"queueLengthAvg":435.4747669559627}