{"received":6000,"accepted":3122,"rejected":2878,"succeeded":2303,"failed":0,"mvccFailures":0,"transientRetries":0,"queueWaitTotalMs":6202563,"queueWaitMaxMs":4989,"fabricTotalMs":762208,"fabricMaxMs":1304,"totalTotalMs":6964771,"totalMaxMs":5936,"queueLengthTotal":2732073,"queueLengthSamples":6244,"queueLengthMax":500,"queueTimeouts":819,"active":0,"lockedKeys":0,"queueLength":0,"queueWaitAvgMs":2693.2535822839773,"fabricAvgMs":330.9630916196266,"totalAvgMs":3024.216673903604,"queueLengthAvg":437.55172966047405}