{"received":10000,"accepted":3071,"rejected":6929,"succeeded":2209,"failed":0,"mvccFailures":0,"transientRetries":0,"queueWaitTotalMs":6259729,"queueWaitMaxMs":4961,"fabricTotalMs":752619,"fabricMaxMs":1324,"totalTotalMs":7012348,"totalMaxMs":6071,"queueLengthTotal":2727946,"queueLengthSamples":6142,"queueLengthMax":500,"queueTimeouts":862,"active":0,"lockedKeys":0,"queueLength":0,"queueWaitAvgMs":2833.7387958352197,"fabricAvgMs":340.7057492077863,"totalAvgMs":3174.4445450430057,"queueLengthAvg":444.14620644741126}