{"received":10000,"accepted":3116,"rejected":6884,"succeeded":2289,"failed":0,"mvccFailures":0,"transientRetries":0,"queueWaitTotalMs":6451794,"queueWaitMaxMs":4999,"fabricTotalMs":750389,"fabricMaxMs":1298,"totalTotalMs":7202183,"totalMaxMs":5946,"queueLengthTotal":2778508,"queueLengthSamples":6232,"queueLengthMax":500,"queueTimeouts":827,"active":0,"lockedKeys":0,"queueLength":0,"queueWaitAvgMs":2818.608125819135,"fabricAvgMs":327.8239405854085,"totalAvgMs":3146.4320664045435,"queueLengthAvg":445.8453145057766}