{"received":10000,"accepted":3026,"rejected":6974,"succeeded":2199,"failed":0,"mvccFailures":0,"transientRetries":0,"queueWaitTotalMs":6447555,"queueWaitMaxMs":4986,"fabricTotalMs":751356,"fabricMaxMs":1309,"totalTotalMs":7198911,"totalMaxMs":5957,"queueLengthTotal":2683338,"queueLengthSamples":6052,"queueLengthMax":501,"queueTimeouts":827,"active":0,"lockedKeys":0,"queueLength":0,"queueWaitAvgMs":2932.0395634379265,"fabricAvgMs":341.68076398362894,"totalAvgMs":3273.7203274215553,"queueLengthAvg":443.38037012557834}