{"received":6000,"accepted":3033,"rejected":2967,"succeeded":2259,"failed":0,"mvccFailures":0,"transientRetries":0,"queueWaitTotalMs":6396453,"queueWaitMaxMs":4974,"fabricTotalMs":758918,"fabricMaxMs":1301,"totalTotalMs":7155371,"totalMaxMs":6204,"queueLengthTotal":2631013,"queueLengthSamples":6066,"queueLengthMax":500,"queueTimeouts":774,"active":0,"lockedKeys":0,"queueLength":0,"queueWaitAvgMs":2831.5418326693225,"fabricAvgMs":335.95307658255865,"totalAvgMs":3167.4949092518814,"queueLengthAvg":433.73112429937356}