{"received":10000,"accepted":3022,"rejected":6978,"succeeded":2179,"failed":0,"mvccFailures":0,"transientRetries":0,"queueWaitTotalMs":6412650,"queueWaitMaxMs":4999,"fabricTotalMs":760082,"fabricMaxMs":1376,"totalTotalMs":7172732,"totalMaxMs":6345,"queueLengthTotal":2677591,"queueLengthSamples":6044,"queueLengthMax":500,"queueTimeouts":843,"active":0,"lockedKeys":0,"queueLength":0,"queueWaitAvgMs":2942.9325378614044,"fabricAvgMs":348.8214777420835,"totalAvgMs":3291.754015603488,"queueLengthAvg":443.0163798808736}