{"received":10000,"accepted":3011,"rejected":6989,"succeeded":2193,"failed":0,"mvccFailures":0,"transientRetries":0,"queueWaitTotalMs":6500278,"queueWaitMaxMs":4989,"fabricTotalMs":757470,"fabricMaxMs":1287,"totalTotalMs":7257748,"totalMaxMs":6167,"queueLengthTotal":2666434,"queueLengthSamples":6022,"queueLengthMax":501,"queueTimeouts":818,"active":0,"lockedKeys":0,"queueLength":0,"queueWaitAvgMs":2964.1030551755584,"fabricAvgMs":345.4035567715458,"totalAvgMs":3309.5066119471044,"queueLengthAvg":442.7821321819993}