{"received":10000,"accepted":2998,"rejected":7002,"succeeded":2150,"failed":0,"mvccFailures":0,"transientRetries":0,"queueWaitTotalMs":6341260,"queueWaitMaxMs":4994,"fabricTotalMs":755750,"fabricMaxMs":668,"totalTotalMs":7097010,"totalMaxMs":5513,"queueLengthTotal":2653578,"queueLengthSamples":5996,"queueLengthMax":500,"queueTimeouts":848,"active":0,"lockedKeys":0,"queueLength":0,"queueWaitAvgMs":2949.4232558139533,"fabricAvgMs":351.51162790697674,"totalAvgMs":3300.9348837209304,"queueLengthAvg":442.55803869246165}