{"received":6000,"accepted":3119,"rejected":2881,"succeeded":2321,"failed":0,"mvccFailures":0,"transientRetries":0,"queueWaitTotalMs":6255543,"queueWaitMaxMs":4983,"fabricTotalMs":751125,"fabricMaxMs":1293,"totalTotalMs":7006668,"totalMaxMs":6023,"queueLengthTotal":2721887,"queueLengthSamples":6238,"queueLengthMax":500,"queueTimeouts":798,"active":0,"lockedKeys":0,"queueLength":0,"queueWaitAvgMs":2695.1930202498925,"fabricAvgMs":323.6212839293408,"totalAvgMs":3018.814304179233,"queueLengthAvg":436.33969220904135}