{"received":6000,"accepted":3030,"rejected":2970,"succeeded":2231,"failed":0,"mvccFailures":0,"transientRetries":0,"queueWaitTotalMs":6255097,"queueWaitMaxMs":4991,"fabricTotalMs":750647,"fabricMaxMs":1293,"totalTotalMs":7005744,"totalMaxMs":6260,"queueLengthTotal":2638806,"queueLengthSamples":6060,"queueLengthMax":500,"queueTimeouts":799,"active":0,"lockedKeys":0,"queueLength":0,"queueWaitAvgMs":2803.718960107575,"fabricAvgMs":336.4621246077992,"totalAvgMs":3140.1810847153743,"queueLengthAvg":435.44653465346533}