{"received":6000,"accepted":3136,"rejected":2864,"succeeded":2317,"failed":0,"mvccFailures":0,"transientRetries":0,"queueWaitTotalMs":6144623,"queueWaitMaxMs":4996,"fabricTotalMs":753952,"fabricMaxMs":1340,"totalTotalMs":6898575,"totalMaxMs":6323,"queueLengthTotal":2734022,"queueLengthSamples":6272,"queueLengthMax":500,"queueTimeouts":819,"active":0,"lockedKeys":0,"queueLength":0,"queueWaitAvgMs":2651.973672852827,"fabricAvgMs":325.4000863185153,"totalAvgMs":2977.373759171342,"queueLengthAvg":435.90911989795916}