{"received":9999,"accepted":3074,"rejected":6925,"succeeded":2224,"failed":0,"mvccFailures":0,"transientRetries":0,"queueWaitTotalMs":6347708,"queueWaitMaxMs":4998,"fabricTotalMs":753477,"fabricMaxMs":1292,"totalTotalMs":7101185,"totalMaxMs":5995,"queueLengthTotal":2733577,"queueLengthSamples":6148,"queueLengthMax":500,"queueTimeouts":850,"active":0,"lockedKeys":0,"queueLength":0,"queueWaitAvgMs":2854.1852517985612,"fabricAvgMs":338.7936151079137,"totalAvgMs":3192.9788669064747,"queueLengthAvg":444.6286597267404}