{"received":6000,"accepted":3094,"rejected":2906,"succeeded":2329,"failed":0,"mvccFailures":0,"transientRetries":0,"queueWaitTotalMs":6470404,"queueWaitMaxMs":4995,"fabricTotalMs":759429,"fabricMaxMs":1332,"totalTotalMs":7229833,"totalMaxMs":6209,"queueLengthTotal":2695732,"queueLengthSamples":6188,"queueLengthMax":500,"queueTimeouts":765,"active":0,"lockedKeys":0,"queueLength":0,"queueWaitAvgMs":2778.189781021898,"fabricAvgMs":326.07513954486905,"totalAvgMs":3104.2649205667667,"queueLengthAvg":435.6386554621849}