{"received":10000,"accepted":2212,"rejected":7788,"succeeded":2132,"failed":80,"mvccFailures":80,"transientRetries":0,"queueWaitTotalMs":11744417,"queueWaitMaxMs":9137,"fabricTotalMs":915871,"fabricMaxMs":3374,"totalTotalMs":12210506,"totalMaxMs":11363,"queueLengthTotal":1868735,"queueLengthSamples":4424,"queueLengthMax":500,"active":0,"lockedKeys":0,"queueLength":0,"queueWaitAvgMs":5309.410940325497,"fabricAvgMs":429.5830206378987,"totalAvgMs":5727.254221388368,"queueLengthAvg":422.40845388788426}